iter	Passed	Remaining
0	191	956692
1	374	935764
2	559	931666
3	728	910107
4	920	919857
5	1123	935333
6	1325	945185
7	1534	957656
8	1713	950029
9	1906	951222
10	2094	950156
11	2292	952866
12	2474	949275
13	2666	949664
14	2861	950870
15	3057	952511
16	3244	951000
17	3437	951381
18	3624	950207
19	3811	949075
20	3996	947524
21	4159	941256
22	4338	938792
23	4528	938824
24	4717	938868
25	4906	938741
26	5099	939179
27	5289	939281
28	5477	938869
29	5681	941274
30	5881	942739
31	6077	943515
32	6279	945193
33	6480	946496
34	6681	947873
35	6898	951174
36	7098	952203
37	7284	951257
38	7480	951614
39	7659	949830
40	7844	948809
41	8032	948238
42	8205	945967
43	8389	944954
44	8570	943669
45	8756	943031
46	8955	943721
47	9157	944705
48	9353	945129
49	9535	943971
50	9741	945350
51	9932	945120
52	10119	944581
53	10313	944681
54	10492	943367
55	10670	942025
56	10859	941705
57	11038	940572
58	11234	940804
59	11427	940845
60	11603	939524
61	11777	938026
62	11962	937406
63	12144	936675
64	12327	935921
65	12517	935748
66	12709	935791
67	12895	935336
68	13105	936585
69	13318	938034
70	13513	938169
71	13701	937808
72	13887	937307
73	14092	938075
74	14291	938442
75	14486	938582
76	14673	938143
77	14874	938639
78	15062	938247
79	15260	938528
80	15452	938402
81	15687	940883
82	15885	941084
83	16085	941380
84	16269	940739
85	16459	940488
86	16630	939129
87	16839	939928
88	17040	940268
89	17250	941093
90	17450	941392
91	17654	941815
92	17861	942447
93	18095	944422
94	18331	946477
95	18574	948837
96	18800	950303
97	19054	953104
98	19287	954850
99	19528	956920
100	19731	957052
101	19967	958828
102	20207	960758
103	20442	962391
104	20673	963763
105	20910	965455
106	21159	967609
107	21392	969021
108	21618	970077
109	21842	971003
110	22097	973292
111	22322	974224
112	22574	976282
113	22814	977820
114	23060	979566
115	23352	983220
116	23589	984498
117	23837	986223
118	24067	987189
119	24317	988906
120	24530	989121
121	24766	990259
122	25006	991505
123	25247	992815
124	25503	994646
125	25748	996011
126	25988	997178
127	26226	998234
128	26453	998884
129	26677	999376
130	26936	1001156
131	27169	1001993
132	27407	1002955
133	27622	1003064
134	27845	1003464
135	28068	1003848
136	28304	1004718
137	28517	1004709
138	28724	1004543
139	28913	1003699
140	29099	1002792
141	29294	1002196
142	29481	1001340
143	29688	1001166
144	29885	1000650
145	30081	1000112
146	30282	999732
147	30508	1000193
148	30690	999202
149	30872	998203
150	31076	997960
151	31277	997578
152	31473	997062
153	31713	997930
154	31938	998320
155	32167	998853
156	32390	999148
157	32614	999500
158	32834	999705
159	33069	1000339
160	33301	1000920
161	33515	1000905
162	33725	1000813
163	33960	1001411
164	34169	1001283
165	34401	1001777
166	34632	1002260
167	34849	1002351
168	35048	1001877
169	35255	1001677
170	35462	1001446
171	35683	1001625
172	35922	1002309
173	36159	1002910
174	36432	1004490
175	36651	1004589
176	36888	1005171
177	37138	1006070
178	37363	1006320
179	37594	1006686
180	37847	1007674
181	38096	1008499
182	38317	1008598
183	38554	1009110
184	38787	1009512
185	39021	1009946
186	39251	1010259
187	39471	1010304
188	39701	1010614
189	39925	1010735
190	40157	1011076
191	40404	1011788
192	40633	1012038
193	40858	1012185
194	41081	1012289
195	41305	1012415
196	41545	1012905
197	41779	1013258
198	42006	1013434
199	42242	1013815
200	42452	1013588
201	42694	1014088
202	42922	1014286
203	43139	1014198
204	43357	1014131
205	43590	1014441
206	43805	1014305
207	44024	1014264
208	44257	1014524
209	44456	1014023
210	44685	1014204
211	44891	1013867
212	45093	1013448
213	45314	1013442
214	45529	1013303
215	45761	1013522
216	45992	1013735
217	46231	1014118
218	46447	1013993
219	46664	1013902
220	46894	1014073
221	47128	1014333
222	47352	1014361
223	47600	1014906
224	47870	1015907
225	48114	1016375
226	48367	1017001
227	48627	1017764
228	48899	1018783
229	49119	1018687
230	49371	1019271
231	49591	1019189
232	49854	1019993
233	50081	1020039
234	50334	1020612
235	50562	1020668
236	50798	1020900
237	51034	1021118
238	51222	1020368
239	51407	1019587
240	51637	1019672
241	51844	1019331
242	52057	1019092
243	52286	1019162
244	52529	1019499
245	52706	1018568
246	52932	1018575
247	53143	1018301
248	53320	1017366
249	53539	1017246
250	53766	1017282
251	54000	1017432
252	54215	1017241
253	54424	1016916
254	54657	1017067
255	54854	1016515
256	55081	1016546
257	55299	1016389
258	55487	1015703
259	55710	1015638
260	55923	1015413
261	56158	1015575
262	56379	1015480
263	56581	1015046
264	56772	1014410
265	56996	1014374
266	57181	1013640
267	57390	1013320
268	57596	1012963
269	57806	1012690
270	58031	1012669
271	58257	1012648
272	58465	1012324
273	58683	1012189
274	58895	1011931
275	59117	1011852
276	59326	1011553
277	59530	1011164
278	59728	1010673
279	59934	1010322
280	60141	1009995
281	60369	1010005
282	60572	1009609
283	60779	1009288
284	60975	1008773
285	61207	1008848
286	61398	1008263
287	61644	1008575
288	61880	1008713
289	62102	1008631
290	62330	1008632
291	62553	1008561
292	62782	1008587
293	62980	1008119
294	63188	1007804
295	63429	1008013
296	63641	1007764
297	63845	1007391
298	64029	1006696
299	64222	1006160
300	64453	1006204
301	64658	1005842
302	64943	1006737
303	65193	1007072
304	65454	1007575
305	65696	1007779
306	65923	1007755
307	66143	1007607
308	66339	1007122
309	66514	1006301
310	66706	1005751
311	66899	1005212
312	67054	1004099
313	67232	1003345
314	67386	1002234
315	67566	1001519
316	67745	1000801
317	67928	1000124
318	68102	999340
319	68279	998586
320	68459	997887
321	68638	997170
322	68819	996495
323	68995	995745
324	69178	995100
325	69374	994649
326	69559	994045
327	69725	993167
328	69901	992428
329	70077	991696
330	70267	991174
331	70441	990423
332	70624	989807
333	70812	989247
334	70974	988346
335	71130	987359
336	71308	986682
337	71485	985996
338	71656	985225
339	71839	984629
340	72026	984082
341	72202	983392
342	72375	982656
343	72552	981994
344	72728	981307
345	72893	980484
346	73071	979828
347	73239	979056
348	73392	978080
349	73561	977312
350	73730	976561
351	73906	975903
352	74089	975334
353	74243	974399
354	74425	973825
355	74601	973172
356	74790	972698
357	74949	971836
358	75144	971431
359	75349	971167
360	75528	970570
361	75697	969849
362	75873	969221
363	76031	968361
364	76248	968255
365	76398	967300
366	76556	966444
367	76755	966118
368	76940	965614
369	77130	965178
370	77330	964861
371	77498	964149
372	77654	963296
373	77822	962582
374	77990	961879
375	78172	961354
376	78387	961231
377	78561	960609
378	78735	959992
379	78894	959186
380	79053	958395
381	79235	957874
382	79399	957142
383	79547	956227
384	79729	955724
385	79899	955067
386	80074	954475
387	80257	953987
388	80445	953561
389	80655	953392
390	80816	952641
391	80988	952033
392	81169	951526
393	81342	950917
394	81509	950252
395	81674	949571
396	81841	948907
397	82005	948213
398	82185	947709
399	82360	947150
400	82528	946505
401	82698	945892
402	82878	945393
403	83048	944775
404	83230	944309
405	83398	943678
406	83584	943247
407	83743	942520
408	83918	941982
409	84102	941542
410	84289	941135
411	84458	940526
412	84638	940041
413	84827	939657
414	85004	939140
415	85175	938563
416	85333	937852
417	85506	937293
418	85682	936784
419	85883	936534
420	86059	936021
421	86231	935470
422	86419	935090
423	86594	934562
424	86804	934428
425	86973	933839
426	87142	933264
427	87297	932534
428	87456	931853
429	87660	931652
430	87832	931111
431	88001	930532
432	88142	929664
433	88294	928921
434	88454	928266
435	88605	927511
436	88753	926735
437	88934	926304
438	89090	925608
439	89255	925012
440	89429	924507
441	89613	924111
442	89796	923712
443	89969	923201
444	90137	922640
445	90303	922071
446	90490	921706
447	90665	921221
448	90838	920727
449	91005	920167
450	91183	919720
451	91381	919472
452	91546	918898
453	91744	918653
454	91899	917983
455	92083	917603
456	92237	916922
457	92413	916468
458	92599	916110
459	92776	915659
460	92936	915055
461	93096	914438
462	93292	914181
463	93477	913824
464	93651	913353
465	93836	912990
466	94007	912498
467	94186	912081
468	94373	911742
469	94531	911118
470	94726	910866
471	94902	910416
472	95078	909977
473	95273	909716
474	95438	909176
475	95616	908762
476	95787	908270
477	95942	907641
478	96145	907460
479	96305	906879
480	96478	906415
481	96659	906028
482	96836	905616
483	97059	905617
484	97206	904921
485	97374	904422
486	97526	903768
487	97693	903262
488	97847	902639
489	98020	902188
490	98171	901534
491	98331	900972
492	98498	900472
493	98680	900107
494	98847	899614
495	99020	899172
496	99177	898583
497	99340	898051
498	99489	897395
499	99639	896756
500	99833	896510
501	99998	896006
502	100206	895877
503	100404	895669
504	100575	895222
505	100739	894711
506	100891	894093
507	101066	893679
508	101242	893283
509	101423	892925
510	101610	892618
511	101787	892233
512	101975	891935
513	102145	891483
514	102369	891508
515	102565	891288
516	102783	891254
517	102959	890861
518	103138	890487
519	103330	890235
520	103491	889707
521	103663	889281
522	103862	889083
523	104044	888742
524	104261	888708
525	104457	888485
526	104655	888282
527	104833	887907
528	105024	887644
529	105196	887224
530	105378	886884
531	105542	886394
532	105728	886096
533	105900	885681
534	106072	885256
535	106234	884755
536	106418	884441
537	106610	884191
538	106796	883893
539	107001	883750
540	107166	883281
541	107351	882978
542	107573	882976
543	107804	883049
544	108019	882983
545	108209	882717
546	108448	882852
547	108675	882885
548	108900	882903
549	109141	883051
550	109349	882930
551	109564	882866
552	109767	882709
553	109992	882721
554	110234	882872
555	110423	882593
556	110630	882460
557	110859	882506
558	111074	882432
559	111295	882417
560	111488	882167
561	111721	882245
562	111925	882083
563	112120	881857
564	112351	881913
565	112560	881786
566	112773	881704
567	112956	881381
568	113145	881102
569	113358	881012
570	113594	881099
571	113791	880892
572	114037	881055
573	114269	881107
574	114480	881001
575	114690	880890
576	114920	880928
577	115153	880986
578	115379	880992
579	115621	881118
580	115835	881024
581	116063	881044
582	116286	881023
583	116532	881178
584	116744	881074
585	116948	880907
586	117169	880869
587	117397	880877
588	117624	880889
589	117841	880813
590	118070	880835
591	118286	880754
592	118520	880811
593	118789	881122
594	119010	881074
595	119197	880781
596	119377	880432
597	119596	880376
598	119858	880632
599	120072	880535
600	120281	880393
601	120526	880524
602	120761	880576
603	120984	880540
604	121202	880471
605	121461	880693
606	121678	880616
607	121903	880595
608	122115	880477
609	122357	880572
610	122564	880415
611	122811	880547
612	123045	880588
613	123261	880499
614	123499	880558
615	123718	880492
616	123941	880445
617	124168	880428
618	124412	880535
619	124650	880596
620	124877	880579
621	125089	880455
622	125309	880381
623	125568	880591
624	125782	880479
625	126006	880432
626	126220	880322
627	126493	880621
628	126730	880667
629	126949	880586
630	127154	880410
631	127358	880222
632	127617	880420
633	127840	880363
634	128070	880358
635	128294	880311
636	128519	880265
637	128713	880012
638	128926	879889
639	129169	879964
640	129415	880068
641	129636	879992
642	129846	879844
643	130092	879939
644	130370	880254
645	130616	880344
646	130841	880296
647	131067	880258
648	131307	880307
649	131520	880178
650	131763	880246
651	131981	880145
652	132197	880031
653	132426	880005
654	132634	879840
655	132868	879850
656	133085	879740
657	133307	879668
658	133529	879589
659	133736	879416
660	133957	879336
661	134176	879242
662	134396	879152
663	134642	879231
664	134885	879289
665	135089	879093
666	135285	878850
667	135555	879079
668	135777	879000
669	136008	878979
670	136236	878935
671	136448	878793
672	136670	878713
673	136906	878719
674	137133	878670
675	137336	878468
676	137547	878313
677	137749	878100
678	137946	877857
679	138168	877773
680	138368	877554
681	138616	877633
682	138841	877568
683	139060	877460
684	139265	877273
685	139493	877223
686	139700	877039
687	139924	876967
688	140162	876984
689	140392	876941
690	140616	876868
691	140788	876467
692	140961	876076
693	141122	875610
694	141318	875358
695	141478	874889
696	141665	874587
697	141831	874154
698	142008	873788
699	142205	873546
700	142386	873207
701	142564	872853
702	142731	872428
703	142908	872067
704	143073	871632
705	143239	871206
706	143417	870852
707	143591	870470
708	143772	870139
709	143968	869896
710	144168	869674
711	144344	869307
712	144525	868976
713	144694	868574
714	144866	868184
715	145045	867840
716	145234	867561
717	145445	867403
718	145640	867155
719	145829	866876
720	146018	866593
721	146205	866296
722	146386	865969
723	146586	865750
724	146771	865446
725	146942	865059
726	147124	864738
727	147326	864532
728	147487	864087
729	147681	863837
730	147834	863343
731	148005	862960
732	148195	862685
733	148384	862409
734	148570	862113
735	148745	861754
736	148908	861326
737	149091	861016
738	149266	860655
739	149460	860407
740	149635	860052
741	149834	859834
742	150001	859431
743	150204	859235
744	150417	859094
745	150606	858821
746	150804	858598
747	150992	858316
748	151179	858027
749	151338	857584
750	151518	857260
751	151738	857160
752	151954	857040
753	152177	856954
754	152376	856736
755	152563	856456
756	152757	856207
757	152955	855983
758	153123	855594
759	153317	855350
760	153505	855072
761	153760	855164
762	153960	854953
763	154132	854587
764	154334	854387
765	154504	854008
766	154729	853935
767	154907	853606
768	155089	853294
769	155293	853107
770	155534	853122
771	155711	852783
772	155889	852453
773	156071	852140
774	156243	851776
775	156422	851452
776	156631	851293
777	156888	851394
778	157092	851204
779	157284	850947
780	157470	850664
781	157655	850372
782	157826	850005
783	158021	849768
784	158243	849677
785	158428	849387
786	158653	849309
787	158821	848928
788	159015	848686
789	159186	848324
790	159390	848134
791	159580	847871
792	159786	847692
793	159958	847337
794	160146	847064
795	160357	846913
796	160574	846795
797	160776	846595
798	161043	846738
799	161238	846503
800	161415	846171
801	161606	845916
802	161794	845643
803	162008	845507
804	162182	845162
805	162367	844872
806	162573	844696
807	162815	844705
808	163015	844494
809	163250	844469
810	163420	844103
811	163590	843741
812	163783	843496
813	163960	843167
814	164131	842809
815	164293	842407
816	164457	842015
817	164646	841749
818	164835	841484
819	165009	841148
820	165199	840889
821	165387	840620
822	165600	840476
823	165779	840164
824	165977	839944
825	166141	839558
826	166322	839257
827	166470	838787
828	166647	838462
829	166831	838176
830	166996	837797
831	167177	837495
832	167344	837123
833	167523	836813
834	167766	836824
835	167942	836499
836	168139	836275
837	168321	835985
838	168488	835616
839	168680	835372
840	168882	835176
841	169052	834821
842	169255	834633
843	169474	834521
844	169661	834250
845	169844	833964
846	170004	833561
847	170183	833256
848	170368	832978
849	170525	832565
850	170682	832153
851	170857	831827
852	171023	831461
853	171217	831226
854	171389	830890
855	171563	830559
856	171754	830312
857	171972	830197
858	172180	830036
859	172361	829740
860	172555	829510
861	172732	829194
862	172890	828794
863	173056	828427
864	173238	828141
865	173450	827996
866	173634	827716
867	173847	827580
868	174046	827371
869	174233	827107
870	174446	826968
871	174659	826830
872	174888	826763
873	175093	826586
874	175303	826429
875	175505	826236
876	175722	826117
877	175921	825907
878	176117	825686
879	176331	825553
880	176570	825531
881	176766	825309
882	176971	825130
883	177209	825108
884	177406	824889
885	177622	824763
886	177831	824600
887	178077	824610
888	178309	824558
889	178526	824430
890	178727	824231
891	178951	824138
892	179118	823784
893	179319	823583
894	179477	823189
895	179656	822891
896	179837	822602
897	180037	822399
898	180233	822177
899	180429	821956
900	180603	821633
901	180776	821308
902	180982	821135
903	181159	820830
904	181337	820527
905	181498	820149
906	181658	819767
907	181830	819439
908	181997	819087
909	182212	818954
910	182394	818671
911	182578	818400
912	182754	818090
913	182944	817845
914	183120	817539
915	183282	817169
916	183481	816962
917	183663	816682
918	183833	816348
919	183989	815952
920	184157	815613
921	184295	815138
922	184453	814752
923	184640	814495
924	184794	814095
925	184968	813782
926	185137	813448
927	185337	813246
928	185521	812980
929	185692	812656
930	185860	812317
931	186044	812047
932	186232	811799
933	186397	811448
934	186576	811158
935	186833	811209
936	187014	810928
937	187205	810692
938	187389	810426
939	187549	810055
940	187735	809796
941	187908	809483
942	188071	809127
943	188239	808789
944	188468	808720
945	188639	808400
946	188799	808030
947	188971	807715
948	189144	807403
949	189311	807064
950	189502	806830
951	189658	806446
952	189840	806176
953	190020	805895
954	190200	805613
955	190362	805257
956	190571	805100
957	190741	804775
958	190911	804456
959	191098	804207
960	191314	804076
961	191523	803921
962	191733	803766
963	191902	803441
964	192066	803096
965	192255	802856
966	192427	802544
967	192628	802352
968	192804	802059
969	192973	801734
970	193138	801393
971	193312	801094
972	193496	800832
973	193655	800470
974	193849	800252
975	194029	799972
976	194192	799628
977	194370	799341
978	194544	799044
979	194715	798732
980	194882	798400
981	195038	798030
982	195210	797720
983	195377	797394
984	195566	797155
985	195755	796919
986	195920	796583
987	196081	796234
988	196258	795946
989	196500	795927
990	196653	795543
991	196831	795262
992	197038	795097
993	197200	794753
994	197403	794574
995	197579	794286
996	197738	793927
997	197954	793800
998	198148	793586
999	198352	793410
1000	198560	793250
1001	198749	793012
1002	198911	792672
1003	199127	792542
1004	199345	792423
1005	199514	792107
1006	199705	791880
1007	199867	791538
1008	200035	791221
1009	200229	791003
1010	200438	790847
1011	200614	790564
1012	200779	790234
1013	200949	789923
1014	201133	789670
1015	201347	789537
1016	201549	789353
1017	201711	789012
1018	201916	788840
1019	202101	788593
1020	202274	788295
1021	202458	788041
1022	202637	787770
1023	202805	787457
1024	202995	787227
1025	203162	786906
1026	203353	786681
1027	203540	786443
1028	203716	786157
1029	203894	785886
1030	204052	785533
1031	204208	785173
1032	204403	784963
1033	204583	784699
1034	204758	784412
1035	204953	784206
1036	205131	783929
1037	205299	783620
1038	205489	783392
1039	205672	783139
1040	205865	782920
1041	206040	782637
1042	206204	782312
1043	206418	782174
1044	206632	782038
1045	206877	782019
1046	207042	781697
1047	207237	781489
1048	207442	781321
1049	207628	781080
1050	207794	780763
1051	207976	780503
1052	208151	780222
1053	208342	780000
1054	208578	779944
1055	208787	779788
1056	208981	779578
1057	209152	779279
1058	209402	779276
1059	209565	778952
1060	209753	778717
1061	209973	778601
1062	210178	778433
1063	210390	778285
1064	210558	777980
1065	210755	777779
1066	210924	777476
1067	211102	777204
1068	211276	776919
1069	211453	776645
1070	211614	776313
1071	211814	776125
1072	212011	775926
1073	212227	775795
1074	212430	775619
1075	212641	775470
1076	212815	775186
1077	212989	774900
1078	213189	774715
1079	213385	774510
1080	213564	774245
1081	213767	774065
1082	213955	773834
1083	214171	773705
1084	214373	773523
1085	214562	773292
1086	214739	773022
1087	214903	772705
1088	215062	772368
1089	215238	772095
1090	215432	771885
1091	215629	771686
1092	215811	771432
1093	216025	771292
1094	216215	771069
1095	216439	770968
1096	216648	770810
1097	216848	770621
1098	217082	770554
1099	217267	770312
1100	217489	770200
1101	217691	770019
1102	217878	769783
1103	218061	769537
1104	218277	769403
1105	218472	769197
1106	218645	768912
1107	218832	768679
1108	218997	768367
1109	219188	768146
1110	219376	767917
1111	219556	767658
1112	219725	767362
1113	219914	767132
1114	220081	766831
1115	220250	766536
1116	220419	766238
1117	220614	766033
1118	220815	765849
1119	220992	765582
1120	221169	765312
1121	221345	765043
1122	221533	764812
1123	221729	764610
1124	221906	764344
1125	222061	764001
1126	222267	763833
1127	222466	763643
1128	222672	763476
1129	222876	763302
1130	223037	762980
1131	223211	762703
1132	223382	762417
1133	223592	762266
1134	223789	762068
1135	223943	761724
1136	224164	761606
1137	224336	761325
1138	224520	761083
1139	224700	760829
1140	224900	760641
1141	225096	760438
1142	225304	760278
1143	225490	760045
1144	225666	759776
1145	225823	759445
1146	225993	759157
1147	226153	758835
1148	226327	758563
1149	226516	758338
1150	226698	758090
1151	226870	757808
1152	227049	757552
1153	227217	757259
1154	227426	757103
1155	227622	756905
1156	227851	756812
1157	228063	756666
1158	228248	756430
1159	228443	756227
1160	228638	756022
1161	228813	755753
1162	229028	755615
1163	229198	755330
1164	229399	755148
1165	229575	754882
1166	229778	754706
1167	229965	754474
1168	230146	754225
1169	230312	753929
1170	230500	753702
1171	230666	753404
1172	230855	753184
1173	231039	752943
1174	231252	752799
1175	231439	752571
1176	231590	752225
1177	231750	751910
1178	231934	751672
1179	232154	751550
1180	232328	751280
1181	232516	751056
1182	232686	750773
1183	232876	750555
1184	233050	750283
1185	233298	750252
1186	233500	750073
1187	233696	749875
1188	233890	749670
1189	234054	749368
1190	234213	749050
1191	234367	748717
1192	234590	748603
1193	234761	748325
1194	234954	748119
1195	235133	747864
1196	235314	747620
1197	235533	747492
1198	235729	747297
1199	235935	747128
1200	236171	747056
1201	236351	746809
1202	236518	746518
1203	236696	746263
1204	236902	746094
1205	237081	745841
1206	237263	745599
1207	237435	745327
1208	237600	745031
1209	237813	744885
1210	238011	744696
1211	238215	744522
1212	238402	744294
1213	238589	744070
1214	238790	743885
1215	238975	743654
1216	239160	743420
1217	239355	743221
1218	239552	743025
1219	239732	742778
1220	239968	742703
1221	240136	742418
1222	240335	742228
1223	240511	741970
1224	240679	741685
1225	240845	741396
1226	241022	741140
1227	241199	740883
1228	241397	740690
1229	241598	740508
1230	241782	740275
1231	241959	740019
1232	242156	739824
1233	242366	739670
1234	242575	739510
1235	242777	739330
1236	242954	739075
1237	243147	738871
1238	243361	738726
1239	243542	738483
1240	243730	738261
1241	243903	737995
1242	244085	737756
1243	244256	737483
1244	244462	737314
1245	244669	737150
1246	244888	737022
1247	245155	737036
1248	245373	736906
1249	245580	736742
1250	245800	736614
1251	246063	736616
1252	246272	736459
1253	246464	736249
1254	246701	736173
1255	246889	735951
1256	247143	735924
1257	247390	735879
1258	247612	735757
1259	247830	735624
1260	248032	735441
1261	248231	735253
1262	248441	735095
1263	248673	735003
1264	248894	734879
1265	249105	734722
1266	249355	734682
1267	249577	734561
1268	249788	734404
1269	250047	734390
1270	250302	734365
1271	250551	734320
1272	250749	734125
1273	250929	733881
1274	251154	733766
1275	251356	733583
1276	251609	733550
1277	251797	733324
1278	252019	733201
1279	252219	733013
1280	252449	732911
1281	252669	732780
1282	252921	732741
1283	253150	732637
1284	253365	732492
1285	253597	732394
1286	253832	732308
1287	254103	732322
1288	254346	732258
1289	254580	732166
1290	254821	732092
1291	255029	731927
1292	255256	731812
1293	255485	731708
1294	255689	731528
1295	255922	731432
1296	256109	731206
1297	256319	731045
1298	256528	730877
1299	256728	730688
1300	256914	730458
1301	257133	730321
1302	257414	730362
1303	257636	730233
1304	257857	730102
1305	258083	729986
1306	258331	729928
1307	258587	729897
1308	258848	729878
1309	259041	729666
1310	259229	729440
1311	259405	729183
1312	259567	728885
1313	259749	728641
1314	259943	728434
1315	260177	728339
1316	260401	728213
1317	260618	728071
1318	260787	727791
1319	260969	727550
1320	261157	727326
1321	261351	727118
1322	261535	726883
1323	261720	726648
1324	261949	726538
1325	262148	726346
1326	262359	726184
1327	262577	726042
1328	262746	725764
1329	262959	725608
1330	263185	725488
1331	263385	725298
1332	263563	725046
1333	263758	724840
1334	263932	724578
1335	264152	724441
1336	264383	724336
1337	264586	724150
1338	264837	724098
1339	265049	723942
1340	265288	723856
1341	265510	723722
1342	265717	723550
1343	265906	723329
1344	266120	723174
1345	266316	722971
1346	266512	722768
1347	266687	722508
1348	266865	722256
1349	267036	721988
1350	267252	721839
1351	267495	721764
1352	267690	721558
1353	267873	721319
1354	268070	721120
1355	268278	720949
1356	268488	720784
1357	268715	720664
1358	268879	720374
1359	269050	720105
1360	269270	719966
1361	269469	719773
1362	269654	719540
1363	269840	719310
1364	270030	719090
1365	270202	718826
1366	270421	718685
1367	270616	718479
1368	270778	718186
1369	271015	718091
1370	271191	717836
1371	271397	717659
1372	271580	717424
1373	271770	717203
1374	271972	717018
1375	272151	716771
1376	272349	716572
1377	272560	716410
1378	272739	716164
1379	272891	715846
1380	273041	715523
1381	273253	715362
1382	273425	715097
1383	273591	714817
1384	273776	714585
1385	273990	714431
1386	274171	714189
1387	274370	713994
1388	274544	713736
1389	274722	713487
1390	274899	713237
1391	275102	713053
1392	275262	712756
1393	275421	712459
1394	275606	712230
1395	275801	712026
1396	275979	711777
1397	276163	711546
1398	276349	711318
1399	276524	711063
1400	276708	710830
1401	276884	710578
1402	277067	710343
1403	277255	710121
1404	277460	709942
1405	277674	709787
1406	277882	709616
1407	278062	709374
1408	278294	709265
1409	278524	709151
1410	278693	708881
1411	278872	708635
1412	279085	708477
1413	279248	708192
1414	279421	707933
1415	279586	707654
1416	279753	707379
1417	279943	707162
1418	280131	706941
1419	280337	706767
1420	280514	706517
1421	280713	706323
1422	280892	706080
1423	281046	705773
1424	281232	705547
1425	281432	705357
1426	281624	705147
1427	281828	704965
1428	282043	704812
1429	282226	704580
1430	282398	704318
1431	282560	704033
1432	282732	703774
1433	282941	703603
1434	283157	703453
1435	283379	703317
1436	283566	703094
1437	283761	702892
1438	283949	702670
1439	284154	702493
1440	284370	702342
1441	284531	702055
1442	284742	701890
1443	284945	701706
1444	285143	701511
1445	285350	701339
1446	285521	701076
1447	285702	700839
1448	285901	700644
1449	286073	700386
1450	286249	700137
1451	286457	699965
1452	286625	699698
1453	286825	699507
1454	286969	699180
1455	287143	698926
1456	287328	698700
1457	287483	698399
1458	287699	698246
1459	287862	697969
1460	288063	697780
1461	288230	697510
1462	288438	697338
1463	288640	697152
1464	288802	696871
1465	288972	696608
1466	289191	696463
1467	289390	696272
1468	289567	696025
1469	289791	695893
1470	290034	695806
1471	290236	695621
1472	290404	695354
1473	290557	695052
1474	290736	694811
1475	290963	694686
1476	291176	694524
1477	291338	694244
1478	291535	694047
1479	291771	693943
1480	291962	693730
1481	292132	693470
1482	292327	693267
1483	292517	693054
1484	292756	692955
1485	293100	693106
1486	293332	692989
1487	293579	692911
1488	293794	692756
1489	294003	692585
1490	294248	692501
1491	294520	692479
1492	294696	692231
1493	294913	692079
1494	295156	691988
1495	295392	691882
1496	295601	691712
1497	295868	691675
1498	296079	691510
1499	296329	691435
1500	296551	691293
1501	296709	691004
1502	296907	690807
1503	297158	690736
1504	297330	690477
1505	297540	690308
1506	297755	690153
1507	297969	689993
1508	298194	689859
1509	298402	689684
1510	298592	689470
1511	298811	689320
1512	298989	689077
1513	299171	688844
1514	299345	688593
1515	299520	688343
1516	299733	688181
1517	299884	687877
1518	300088	687695
1519	300288	687502
1520	300471	687271
1521	300632	686990
1522	300832	686799
1523	301055	686659
1524	301262	686482
1525	301420	686195
1526	301573	685897
1527	301763	685683
1528	301966	685498
1529	302143	685253
1530	302524	685471
1531	302736	685306
1532	302978	685210
1533	303167	684992
1534	303416	684911
1535	303606	684695
1536	303796	684480
1537	304010	684320
1538	304244	684204
1539	304421	683960
1540	304623	683773
1541	304832	683600
1542	305036	683416
1543	305245	683244
1544	305414	682981
1545	305580	682714
1546	305777	682513
1547	305994	682359
1548	306183	682143
1549	306363	681906
1550	306555	681696
1551	306730	681446
1552	306925	681244
1553	307088	680970
1554	307265	680725
1555	307441	680481
1556	307598	680194
1557	307843	680101
1558	308021	679860
1559	308234	679696
1560	308423	679480
1561	308618	679277
1562	308834	679120
1563	309055	678973
1564	309262	678796
1565	309445	678566
1566	309657	678400
1567	309884	678266
1568	310074	678053
1569	310267	677844
1570	310476	677673
1571	310658	677440
1572	310830	677188
1573	311010	676950
1574	311231	676804
1575	311420	676588
1576	311635	676429
1577	311851	676272
1578	312033	676040
1579	312204	675784
1580	312381	675542
1581	312586	675361
1582	312774	675142
1583	312985	674973
1584	313240	674900
1585	313457	674743
1586	313678	674597
1587	313939	674534
1588	314170	674408
1589	314392	674263
1590	314645	674184
1591	314884	674074
1592	315109	673934
1593	315307	673737
1594	315516	673564
1595	315720	673379
1596	315975	673301
1597	316212	673187
1598	316440	673053
1599	316666	672917
1600	316872	672734
1601	317108	672618
1602	317329	672469
1603	317550	672320
1604	317756	672140
1605	317958	671949
1606	318172	671785
1607	318424	671702
1608	318669	671602
1609	318885	671442
1610	319140	671364
1611	319385	671263
1612	319604	671109
1613	319863	671040
1614	320075	670869
1615	320288	670702
1616	320482	670495
1617	320742	670427
1618	320964	670277
1619	321194	670145
1620	321423	670012
1621	321656	669885
1622	321890	669762
1623	322138	669666
1624	322393	669587
1625	322625	669458
1626	322855	669324
1627	323061	669141
1628	323258	668941
1629	323490	668810
1630	323729	668695
1631	323973	668592
1632	324228	668510
1633	324444	668348
1634	324700	668267
1635	324901	668074
1636	325151	667980
1637	325402	667889
1638	325620	667730
1639	325818	667529
1640	326058	667416
1641	326286	667276
1642	326505	667119
1643	326748	667012
1644	326971	666862
1645	327202	666730
1646	327414	666557
1647	327656	666446
1648	327855	666248
1649	328105	666153
1650	328342	666032
1651	328570	665892
1652	328806	665768
1653	329035	665629
1654	329257	665478
1655	329495	665358
1656	329702	665176
1657	329892	664959
1658	330111	664800
1659	330348	664676
1660	330570	664523
1661	330808	664403
1662	331043	664277
1663	331308	664209
1664	331530	664057
1665	331764	663928
1666	331964	663729
1667	332181	663566
1668	332424	663455
1669	332668	663345
1670	332888	663186
1671	333093	662998
1672	333281	662778
1673	333512	662641
1674	333773	662564
1675	333984	662389
1676	334231	662283
1677	334449	662121
1678	334684	661994
1679	334915	661856
1680	335130	661688
1681	335345	661520
1682	335578	661386
1683	335781	661194
1684	335986	661007
1685	336201	660836
1686	336406	660648
1687	336634	660505
1688	336855	660348
1689	337082	660203
1690	337275	659990
1691	337524	659889
1692	337733	659707
1693	338008	659655
1694	338233	659504
1695	338492	659421
1696	338728	659292
1697	338925	659088
1698	339126	658892
1699	339337	658714
1700	339570	658579
1701	339759	658358
1702	339978	658196
1703	340211	658062
1704	340468	657973
1705	340742	657915
1706	340992	657814
1707	341217	657662
1708	341412	657453
1709	341620	657269
1710	341860	657148
1711	342089	657004
1712	342290	656805
1713	342540	656701
1714	342744	656511
1715	342980	656380
1716	343179	656178
1717	343427	656070
1718	343664	655940
1719	343940	655886
1720	344161	655727
1721	344402	655603
1722	344660	655514
1723	344885	655363
1724	345106	655201
1725	345350	655084
1726	345552	654888
1727	345736	654658
1728	345921	654429
1729	346103	654195
1730	346295	653980
1731	346450	653694
1732	346650	653494
1733	346843	653281
1734	347022	653043
1735	347221	652840
1736	347385	652573
1737	347571	652346
1738	347760	652126
1739	347919	651849
1740	348089	651593
1741	348285	651386
1742	348472	651161
1743	348650	650920
1744	348848	650718
1745	349009	650444
1746	349186	650201
1747	349378	649987
1748	349556	649746
1749	349728	649496
1750	349925	649290
1751	350113	649069
1752	350295	648836
1753	350475	648599
1754	350673	648397
1755	350852	648157
1756	351018	647895
1757	351179	647625
1758	351340	647353
1759	351521	647119
1760	351690	646862
1761	351881	646646
1762	352072	646431
1763	352250	646192
1764	352461	646013
1765	352657	645806
1766	352863	645617
1767	353054	645402
1768	353246	645188
1769	353442	644983
1770	353621	644745
1771	353801	644509
1772	354006	644319
1773	354228	644160
1774	354443	643989
1775	354636	643776
1776	354848	643600
1777	355017	643344
1778	355196	643106
1779	355374	642868
1780	355533	642595
1781	355694	642326
1782	355849	642046
1783	356034	641819
1784	356199	641558
1785	356403	641366
1786	356619	641195
1787	356807	640976
1788	357002	640768
1789	357176	640522
1790	357383	640336
1791	357572	640119
1792	357784	639941
1793	357950	639681
1794	358125	639437
1795	358341	639268
1796	358543	639073
1797	358739	638868
1798	358942	638674
1799	359135	638463
1800	359306	638213
1801	359478	637965
1802	359695	637795
1803	359946	637687
1804	360179	637548
1805	360406	637397
1806	360646	637269
1807	360880	637128
1808	361077	636925
1809	361311	636787
1810	361540	636638
1811	361781	636512
1812	361992	636332
1813	362229	636197
1814	362445	636027
1815	362647	635830
1816	362851	635639
1817	363102	635530
1818	363304	635332
1819	363532	635184
1820	363782	635071
1821	363990	634885
1822	364237	634768
1823	364453	634595
1824	364664	634415
1825	364908	634293
1826	365126	634124
1827	365334	633938
1828	365581	633820
1829	365793	633641
1830	366058	633554
1831	366294	633417
1832	366512	633248
1833	366713	633051
1834	366973	632953
1835	367177	632761
1836	367392	632586
1837	367642	632472
1838	367827	632246
1839	368029	632050
1840	368269	631918
1841	368451	631688
1842	368692	631558
1843	368909	631387
1844	369152	631261
1845	369405	631151
1846	369608	630956
1847	369828	630788
1848	370080	630678
1849	370314	630535
1850	370570	630430
1851	370819	630313
1852	371050	630164
1853	371279	630014
1854	371476	629807
1855	371693	629635
1856	371900	629447
1857	372122	629283
1858	372343	629119
1859	372572	628966
1860	372792	628798
1861	372990	628595
1862	373212	628430
1863	373417	628238
1864	373638	628072
1865	373856	627903
1866	374091	627759
1867	374284	627547
1868	374482	627343
1869	374687	627150
1870	374903	626975
1871	375126	626813
1872	375348	626649
1873	375566	626478
1874	375752	626254
1875	375961	626067
1876	376221	625967
1877	376481	625866
1878	376719	625727
1879	376935	625552
1880	377136	625352
1881	377359	625190
1882	377557	624984
1883	377765	624797
1884	377961	624588
1885	378186	624428
1886	378383	624221
1887	378628	624095
1888	378880	623980
1889	379123	623848
1890	379328	623655
1891	379568	623518
1892	379807	623381
1893	380006	623179
1894	380213	622988
1895	380419	622795
1896	380627	622607
1897	380822	622397
1898	381039	622223
1899	381290	622106
1900	381482	621889
1901	381694	621708
1902	381913	621537
1903	382117	621342
1904	382355	621201
1905	382595	621064
1906	382796	620865
1907	383018	620698
1908	383221	620501
1909	383472	620382
1910	383678	620189
1911	383898	620019
1912	384088	619802
1913	384302	619622
1914	384501	619418
1915	384767	619323
1916	385019	619204
1917	385246	619045
1918	385443	618837
1919	385674	618686
1920	385926	618567
1921	386137	618382
1922	386352	618204
1923	386623	618115
1924	386856	617965
1925	387072	617788
1926	387338	617690
1927	387540	617491
1928	387754	617312
1929	387991	617167
1930	388207	616990
1931	388461	616873
1932	388655	616661
1933	388883	616503
1934	389117	616354
1935	389363	616224
1936	389593	616069
1937	389798	615872
1938	390000	615674
1939	390219	615500
1940	390452	615350
1941	390670	615174
1942	390849	614938
1943	391121	614850
1944	391373	614727
1945	391597	614562
1946	391863	614462
1947	392058	614251
1948	392309	614128
1949	392485	613888
1950	392708	613720
1951	392908	613517
1952	393089	613284
1953	393260	613035
1954	393435	612793
1955	393640	612597
1956	393806	612341
1957	393981	612100
1958	394176	611888
1959	394397	611719
1960	394627	611562
1961	394790	611301
1962	394988	611095
1963	395154	610839
1964	395348	610628
1965	395532	610400
1966	395735	610200
1967	395944	610012
1968	396136	609797
1969	396310	609554
1970	396525	609373
1971	396701	609134
1972	396892	608916
1973	397095	608718
1974	397302	608526
1975	397615	608496
1976	397885	608401
1977	398078	608187
1978	398302	608019
1979	398525	607851
1980	398752	607689
1981	398963	607503
1982	399226	607395
1983	399514	607326
1984	399735	607155
1985	399974	607010
1986	400226	606886
1987	400468	606746
1988	400704	606597
1989	400949	606460
1990	401174	606295
1991	401386	606110
1992	401588	605908
1993	401837	605779
1994	402139	605728
1995	402394	605608
1996	402583	605387
1997	402784	605184
1998	403004	605010
1999	403260	604891
2000	403465	604693
2001	403689	604525
2002	403945	604405
2003	404142	604196
2004	404337	603984
2005	404533	603775
2006	404728	603564
2007	404915	603340
2008	405098	603110
2009	405308	602921
2010	405515	602727
2011	405744	602567
2012	405980	602415
2013	406154	602172
2014	406376	602001
2015	406576	601797
2016	406753	601560
2017	406956	601359
2018	407148	601143
2019	407375	600979
2020	407576	600777
2021	407753	600538
2022	407942	600318
2023	408135	600104
2024	408307	599858
2025	408527	599684
2026	408709	599453
2027	408901	599238
2028	409141	599092
2029	409325	598866
2030	409569	598726
2031	409751	598494
2032	409951	598291
2033	410124	598047
2034	410301	597810
2035	410492	597593
2036	410661	597343
2037	410829	597093
2038	411038	596903
2039	411256	596724
2040	411433	596487
2041	411615	596257
2042	411798	596029
2043	412012	595845
2044	412214	595645
2045	412387	595401
2046	412562	595161
2047	412725	594905
2048	412885	594643
2049	413077	594429
2050	413301	594259
2051	413466	594005
2052	413670	593807
2053	413861	593591
2054	414079	593413
2055	414288	593222
2056	414491	593022
2057	414681	592805
2058	414856	592566
2059	415071	592383
2060	415272	592182
2061	415460	591961
2062	415630	591714
2063	415838	591522
2064	416002	591267
2065	416201	591062
2066	416388	590840
2067	416591	590641
2068	416766	590401
2069	416987	590228
2070	417152	589975
2071	417360	589782
2072	417531	589538
2073	417695	589284
2074	417861	589033
2075	418070	588843
2076	418266	588634
2077	418433	588384
2078	418618	588160
2079	418793	587921
2080	418970	587685
2081	419155	587461
2082	419357	587261
2083	419567	587071
2084	419737	586827
2085	419908	586584
2086	420087	586350
2087	420279	586136
2088	420480	585934
2089	420658	585702
2090	420852	585490
2091	421058	585295
2092	421268	585106
2093	421443	584868
2094	421619	584631
2095	421819	584429
2096	422009	584212
2097	422203	584001
2098	422375	583759
2099	422563	583540
2100	422717	583273
2101	422917	583070
2102	423125	582878
2103	423349	582709
2104	423537	582490
2105	423705	582242
2106	423887	582015
2107	424088	581814
2108	424283	581604
2109	424459	581369
2110	424630	581126
2111	424798	580879
2112	424970	580639
2113	425160	580421
2114	425364	580225
2115	425540	579990
2116	425701	579733
2117	425884	579508
2118	426042	579249
2119	426214	579008
2120	426385	578766
2121	426560	578530
2122	426748	578312
2123	426938	578095
2124	427112	577858
2125	427295	577632
2126	427459	577381
2127	427627	577136
2128	427787	576880
2129	427981	576670
2130	428188	576476
2131	428377	576259
2132	428545	576014
2133	428702	575755
2134	428895	575543
2135	429085	575327
2136	429247	575075
2137	429427	574846
2138	429622	574637
2139	429806	574413
2140	429998	574201
2141	430204	574007
2142	430432	573842
2143	430584	573577
2144	430789	573382
2145	430953	573132
2146	431119	572885
2147	431295	572650
2148	431479	572428
2149	431682	572230
2150	431893	572043
2151	432074	571815
2152	432271	571610
2153	432456	571389
2154	432661	571193
2155	432844	570969
2156	433017	570732
2157	433233	570550
2158	433380	570280
2159	433553	570042
2160	433730	569810
2161	433916	569590
2162	434106	569376
2163	434302	569169
2164	434484	568944
2165	434688	568747
2166	434884	568540
2167	435078	568331
2168	435249	568091
2169	435432	567867
2170	435607	567634
2171	435757	567367
2172	435959	567168
2173	436179	566992
2174	436370	566780
2175	436551	566553
2176	436710	566298
2177	436892	566074
2178	437094	565876
2179	437287	565665
2180	437461	565430
2181	437633	565192
2182	437807	564958
2183	438021	564775
2184	438203	564550
2185	438374	564312
2186	438565	564098
2187	438753	563882
2188	438941	563666
2189	439107	563421
2190	439279	563183
2191	439488	562994
2192	439701	562809
2193	439883	562585
2194	440068	562365
2195	440237	562125
2196	440420	561901
2197	440601	561676
2198	440764	561429
2199	440922	561173
2200	441095	560938
2201	441306	560751
2202	441548	560604
2203	441744	560398
2204	441956	560212
2205	442114	559958
2206	442293	559730
2207	442463	559491
2208	442678	559310
2209	442875	559105
2210	443054	558878
2211	443227	558642
2212	443413	558425
2213	443580	558182
2214	443743	557934
2215	443923	557708
2216	444097	557475
2217	444247	557212
2218	444467	557036
2219	444679	556851
2220	444880	556651
2221	445034	556393
2222	445204	556155
2223	445413	555965
2224	445586	555730
2225	445817	555569
2226	445999	555346
2227	446171	555111
2228	446389	554932
2229	446568	554705
2230	446738	554468
2231	446939	554268
2232	447140	554069
2233	447300	553820
2234	447504	553624
2235	447716	553438
2236	447907	553227
2237	448098	553015
2238	448272	552782
2239	448454	552560
2240	448632	552332
2241	448837	552137
2242	449006	551899
2243	449184	551671
2244	449356	551437
2245	449565	551248
2246	449750	551029
2247	449979	550864
2248	450150	550628
2249	450329	550402
2250	450505	550172
2251	450687	549950
2252	450858	549715
2253	451061	549518
2254	451238	549290
2255	451424	549073
2256	451630	548879
2257	451804	548648
2258	451993	548434
2259	452225	548272
2260	452401	548043
2261	452591	547831
2262	452766	547601
2263	452951	547383
2264	453136	547164
2265	453313	546936
2266	453503	546724
2267	453720	546545
2268	453910	546333
2269	454106	546127
2270	454282	545899
2271	454480	545696
2272	454682	545498
2273	454860	545272
2274	455065	545078
2275	455250	544859
2276	455439	544647
2277	455639	544447
2278	455844	544253
2279	456024	544029
2280	456238	543845
2281	456443	543651
2282	456640	543448
2283	456804	543205
2284	456996	542995
2285	457153	542744
2286	457344	542534
2287	457507	542290
2288	457664	542040
2289	457854	541828
2290	458047	541619
2291	458224	541392
2292	458403	541168
2293	458614	540981
2294	458867	540843
2295	459061	540637
2296	459280	540459
2297	459451	540225
2298	459639	540011
2299	459837	539808
2300	460030	539600
2301	460221	539391
2302	460404	539171
2303	460623	538993
2304	460815	538784
2305	461004	538571
2306	461189	538353
2307	461358	538118
2308	461569	537931
2309	461797	537763
2310	461966	537528
2311	462137	537295
2312	462309	537062
2313	462542	536900
2314	462734	536691
2315	462923	536479
2316	463098	536251
2317	463293	536045
2318	463491	535843
2319	463658	535605
2320	463847	535393
2321	464027	535170
2322	464213	534955
2323	464419	534761
2324	464604	534544
2325	464787	534325
2326	465029	534174
2327	465194	533934
2328	465373	533710
2329	465555	533490
2330	465772	533310
2331	465952	533087
2332	466173	532911
2333	466360	532697
2334	466575	532515
2335	466743	532279
2336	466927	532061
2337	467100	531831
2338	467291	531621
2339	467467	531394
2340	467628	531151
2341	467827	530950
2342	467995	530714
2343	468189	530508
2344	468381	530299
2345	468558	530073
2346	468731	529843
2347	468949	529665
2348	469135	529449
2349	469323	529236
2350	469506	529018
2351	469690	528801
2352	469864	528572
2353	470034	528339
2354	470202	528103
2355	470393	527895
2356	470611	527715
2357	470857	527568
2358	471074	527387
2359	471243	527153
2360	471411	526918
2361	471616	526725
2362	471782	526487
2363	471995	526303
2364	472171	526077
2365	472362	525867
2366	472529	525631
2367	472711	525411
2368	472919	525222
2369	473097	524997
2370	473321	524825
2371	473494	524597
2372	473671	524371
2373	473831	524128
2374	474003	523899
2375	474186	523681
2376	474376	523470
2377	474553	523246
2378	474736	523028
2379	474903	522792
2380	475058	522544
2381	475246	522332
2382	475418	522102
2383	475597	521880
2384	475774	521656
2385	475956	521437
2386	476142	521222
2387	476296	520974
2388	476482	520759
2389	476661	520537
2390	476844	520320
2391	477031	520107
2392	477251	519931
2393	477436	519716
2394	477621	519501
2395	477829	519310
2396	478016	519097
2397	478195	518876
2398	478403	518686
2399	478587	518469
2400	478758	518239
2401	478938	518019
2402	479111	517791
2403	479319	517601
2404	479519	517402
2405	479726	517211
2406	479905	516990
2407	480085	516770
2408	480252	516535
2409	480437	516320
2410	480629	516113
2411	480812	515896
2412	481014	515700
2413	481209	515496
2414	481408	515296
2415	481569	515055
2416	481750	514837
2417	481948	514636
2418	482161	514451
2419	482358	514250
2420	482520	514011
2421	482690	513780
2422	482864	513554
2423	483033	513322
2424	483199	513088
2425	483366	512855
2426	483530	512618
2427	483698	512386
2428	483907	512197
2429	484112	512003
2430	484325	511819
2431	484519	511614
2432	484731	511428
2433	484935	511234
2434	485105	511004
2435	485292	510791
2436	485483	510584
2437	485645	510346
2438	485829	510130
2439	486001	509903
2440	486179	509682
2441	486346	509449
2442	486521	509224
2443	486717	509021
2444	486882	508787
2445	487073	508579
2446	487234	508340
2447	487412	508119
2448	487589	507897
2449	487771	507680
2450	487949	507459
2451	488119	507230
2452	488337	507050
2453	488502	506816
2454	488675	506590
2455	488879	506396
2456	489080	506199
2457	489267	505988
2458	489490	505813
2459	489672	505596
2460	489892	505418
2461	490092	505220
2462	490262	504992
2463	490471	504803
2464	490692	504627
2465	490879	504415
2466	491092	504230
2467	491263	504003
2468	491442	503783
2469	491651	503593
2470	491839	503384
2471	492012	503158
2472	492172	502919
2473	492373	502722
2474	492550	502500
2475	492741	502293
2476	492901	502054
2477	493073	501828
2478	493286	501644
2479	493454	501413
2480	493646	501207
2481	493818	500980
2482	494020	500785
2483	494198	500565
2484	494380	500349
2485	494571	500142
2486	494735	499907
2487	494919	499693
2488	495108	499484
2489	495284	499262
2490	495465	499045
2491	495642	498824
2492	495855	498640
2493	496045	498431
2494	496231	498220
2495	496393	497984
2496	496579	497772
2497	496772	497567
2498	496983	497380
2499	497157	497157
2500	497324	496926
2501	497519	496723
2502	497719	496526
2503	497901	496310
2504	498078	496089
2505	498267	495881
2506	498442	495658
2507	498609	495428
2508	498807	495229
2509	498993	495017
2510	499151	494777
2511	499327	494557
2512	499522	494354
2513	499741	494175
2514	499923	493960
2515	500091	493731
2516	500285	493527
2517	500476	493321
2518	500649	493096
2519	500840	492890
2520	501024	492677
2521	501185	492441
2522	501348	492207
2523	501556	492017
2524	501710	491775
2525	501887	491556
2526	502085	491355
2527	502259	491133
2528	502431	490909
2529	502626	490706
2530	502802	490485
2531	502968	490255
2532	503138	490028
2533	503329	489822
2534	503524	489620
2535	503708	489407
2536	503901	489203
2537	504084	488990
2538	504257	488766
2539	504437	488549
2540	504607	488323
2541	504803	488122
2542	504984	487907
2543	505166	487692
2544	505325	487455
2545	505510	487243
2546	505678	487015
2547	505840	486782
2548	506016	486562
2549	506214	486363
2550	506380	486132
2551	506553	485910
2552	506720	485681
2553	506912	485476
2554	507091	485259
2555	507271	485043
2556	507466	484842
2557	507659	484638
2558	507838	484421
2559	508045	484230
2560	508238	484027
2561	508408	483801
2562	508555	483553
2563	508718	483322
2564	508929	483136
2565	509127	482937
2566	509283	482697
2567	509465	482484
2568	509661	482283
2569	509856	482081
2570	510057	481886
2571	510232	481665
2572	510411	481449
2573	510603	481244
2574	510811	481055
2575	511050	480895
2576	511266	480713
2577	511446	480497
2578	511618	480274
2579	511783	480045
2580	511960	479826
2581	512136	479607
2582	512310	479386
2583	512491	479171
2584	512674	478959
2585	512882	478769
2586	513056	478548
2587	513246	478342
2588	513477	478174
2589	513660	477962
2590	513848	477754
2591	514036	477546
2592	514229	477343
2593	514456	477171
2594	514674	476991
2595	514859	476780
2596	515086	476608
2597	515298	476422
2598	515491	476219
2599	515697	476028
2600	515881	475817
2601	516080	475619
2602	516261	475404
2603	516426	475176
2604	516623	474976
2605	516800	474758
2606	516999	474560
2607	517176	474342
2608	517361	474132
2609	517576	473949
2610	517731	473711
2611	517938	473521
2612	518113	473301
2613	518305	473097
2614	518479	472877
2615	518660	472663
2616	518866	472472
2617	519051	472261
2618	519225	472041
2619	519413	471833
2620	519583	471609
2621	519803	471430
2622	519982	471215
2623	520165	471003
2624	520341	470785
2625	520512	470562
2626	520704	470358
2627	520873	470134
2628	521051	469917
2629	521234	469705
2630	521438	469512
2631	521618	469298
2632	521807	469091
2633	521988	468878
2634	522164	468659
2635	522361	468460
2636	522540	468245
2637	522721	468031
2638	522905	467820
2639	523084	467605
2640	523266	467393
2641	523474	467204
2642	523651	466986
2643	523840	466780
2644	524017	466564
2645	524183	466336
2646	524368	466127
2647	524554	465918
2648	524750	465718
2649	524945	465517
2650	525105	465285
2651	525311	465094
2652	525508	464895
2653	525710	464701
2654	525870	464469
2655	526040	464246
2656	526227	464039
2657	526404	463822
2658	526584	463608
2659	526780	463408
2660	526989	463219
2661	527198	463031
2662	527392	462829
2663	527571	462615
2664	527775	462422
2665	527952	462205
2666	528134	461993
2667	528301	461768
2668	528486	461558
2669	528657	461337
2670	528826	461114
2671	529006	460900
2672	529197	460696
2673	529369	460476
2674	529582	460291
2675	529774	460088
2676	529972	459890
2677	530139	459665
2678	530324	459456
2679	530529	459264
2680	530727	459066
2681	530929	458871
2682	531108	458657
2683	531305	458459
2684	531507	458264
2685	531677	458042
2686	531845	457818
2687	532016	457597
2688	532179	457369
2689	532364	457160
2690	532541	456944
2691	532725	456735
2692	532925	456538
2693	533091	456313
2694	533256	456087
2695	533421	455861
2696	533604	455651
2697	533782	455435
2698	533965	455225
2699	534181	455043
2700	534347	454818
2701	534521	454600
2702	534733	454414
2703	534938	454222
2704	535117	454008
2705	535313	453809
2706	535504	453606
2707	535677	453387
2708	535874	453188
2709	536037	452961
2710	536212	452744
2711	536390	452530
2712	536560	452309
2713	536734	452091
2714	536920	451883
2715	537080	451654
2716	537252	451434
2717	537455	451240
2718	537670	451057
2719	537840	450836
2720	538054	450652
2721	538234	450440
2722	538443	450252
2723	538603	450022
2724	538777	449804
2725	538944	449581
2726	539111	449358
2727	539306	449158
2728	539476	448937
2729	539648	448718
2730	539834	448511
2731	540004	448290
2732	540192	448085
2733	540379	447878
2734	540582	447685
2735	540764	447474
2736	540943	447261
2737	541133	447057
2738	541331	446859
2739	541534	446666
2740	541739	446475
2741	541908	446254
2742	542111	446060
2743	542278	445838
2744	542470	445636
2745	542669	445439
2746	542838	445218
2747	543023	445010
2748	543200	444796
2749	543383	444586
2750	543595	444400
2751	543753	444171
2752	543959	443979
2753	544150	443777
2754	544350	443581
2755	544514	443356
2756	544726	443170
2757	544891	442946
2758	545064	442729
2759	545242	442515
2760	545411	442294
2761	545581	442075
2762	545753	441856
2763	545938	441649
2764	546132	441449
2765	546323	441245
2766	546506	441036
2767	546732	440862
2768	546923	440659
2769	547113	440456
2770	547284	440237
2771	547467	440028
2772	547640	439811
2773	547857	439628
2774	548041	439420
2775	548227	439213
2776	548413	439007
2777	548620	438817
2778	548827	438627
2779	549081	438474
2780	549279	438278
2781	549459	438066
2782	549633	437850
2783	549817	437642
2784	550018	437447
2785	550208	437244
2786	550384	437029
2787	550560	436814
2788	550734	436598
2789	550914	436387
2790	551142	436214
2791	551351	436026
2792	551542	435823
2793	551715	435606
2794	551891	435392
2795	552053	435166
2796	552217	434943
2797	552411	434742
2798	552576	434520
2799	552784	434330
2800	552974	434127
2801	553170	433928
2802	553350	433717
2803	553526	433503
2804	553714	433298
2805	553890	433084
2806	554092	432890
2807	554268	432676
2808	554462	432476
2809	554661	432281
2810	554842	432070
2811	555036	431870
2812	555232	431671
2813	555413	431462
2814	555596	431253
2815	555801	431061
2816	555992	430859
2817	556186	430659
2818	556359	430443
2819	556540	430233
2820	556767	430058
2821	556961	429858
2822	557132	429641
2823	557319	429435
2824	557493	429220
2825	557687	429020
2826	557901	428836
2827	558157	428683
2828	558400	428521
2829	558581	428311
2830	558762	428102
2831	558967	427910
2832	559152	427703
2833	559353	427508
2834	559518	427286
2835	559697	427075
2836	559892	426876
2837	560100	426686
2838	560272	426470
2839	560471	426274
2840	560654	426066
2841	560902	425906
2842	561078	425693
2843	561282	425500
2844	561466	425293
2845	561671	425101
2846	561848	424889
2847	562030	424680
2848	562223	424479
2849	562459	424311
2850	562715	424158
2851	562935	423978
2852	563129	423777
2853	563353	423600
2854	563558	423408
2855	563770	423222
2856	563995	423045
2857	564243	422886
2858	564503	422735
2859	564745	422571
2860	564964	422390
2861	565154	422187
2862	565363	421998
2863	565550	421793
2864	565779	421619
2865	565986	421428
2866	566180	421228
2867	566371	421026
2868	566546	420812
2869	566731	420605
2870	566969	420438
2871	567178	420249
2872	567400	420069
2873	567577	419857
2874	567774	419659
2875	568049	419518
2876	568264	419334
2877	568436	419118
2878	568643	418927
2879	568838	418728
2880	569027	418524
2881	569212	418318
2882	569411	418121
2883	569599	417917
2884	569821	417737
2885	570042	417557
2886	570299	417402
2887	570509	417214
2888	570679	416997
2889	570857	416785
2890	571037	416575
2891	571228	416372
2892	571396	416153
2893	571607	415966
2894	571831	415787
2895	572008	415575
2896	572222	415389
2897	572412	415186
2898	572645	415014
2899	572851	414823
2900	573046	414623
2901	573217	414407
2902	573405	414203
2903	573587	413994
2904	573769	413785
2905	573951	413577
2906	574150	413380
2907	574404	413223
2908	574595	413021
2909	574772	412809
2910	574972	412613
2911	575177	412421
2912	575363	412215
2913	575560	412017
2914	575776	411833
2915	575963	411628
2916	576139	411415
2917	576316	411203
2918	576503	410998
2919	576681	410786
2920	576862	410577
2921	577048	410371
2922	577219	410155
2923	577402	409948
2924	577586	409740
2925	577779	409540
2926	577966	409335
2927	578170	409142
2928	578346	408929
2929	578560	408744
2930	578726	408524
2931	578908	408315
2932	579075	408096
2933	579266	407895
2934	579437	407679
2935	579621	407471
2936	579797	407260
2937	579990	407059
2938	580202	406872
2939	580377	406659
2940	580604	406482
2941	580803	406285
2942	580993	406083
2943	581195	405889
2944	581412	405705
2945	581587	405492
2946	581765	405281
2947	581965	405085
2948	582168	404892
2949	582373	404700
2950	582554	404491
2951	582759	404299
2952	582943	404092
2953	583146	403899
2954	583350	403705
2955	583559	403516
2956	583748	403313
2957	583950	403119
2958	584138	402915
2959	584325	402711
2960	584499	402497
2961	584678	402287
2962	584857	402077
2963	585030	401862
2964	585209	401653
2965	585391	401445
2966	585574	401237
2967	585736	401016
2968	585897	400794
2969	586069	400579
2970	586246	400367
2971	586419	400154
2972	586601	399946
2973	586783	399738
2974	586971	399535
2975	587168	399337
2976	587341	399123
2977	587524	398916
2978	587734	398727
2979	587909	398515
2980	588095	398311
2981	588274	398101
2982	588471	397903
2983	588662	397702
2984	588863	397507
2985	589055	397306
2986	589270	397121
2987	589462	396920
2988	589632	396704
2989	589839	396514
2990	590035	396316
2991	590244	396126
2992	590422	395916
2993	590605	395709
2994	590831	395531
2995	591025	395331
2996	591222	395134
2997	591441	394952
2998	591628	394747
2999	591809	394539
3000	591998	394337
3001	592180	394129
3002	592378	393932
3003	592599	393750
3004	592795	393553
3005	592962	393335
3006	593163	393140
3007	593362	392944
3008	593562	392749
3009	593754	392548
3010	593946	392347
3011	594150	392154
3012	594320	391939
3013	594522	391745
3014	594726	391553
3015	594894	391336
3016	595073	391127
3017	595269	390929
3018	595461	390728
3019	595687	390550
3020	595878	390348
3021	596085	390157
3022	596266	389949
3023	596456	389747
3024	596634	389538
3025	596848	389352
3026	597076	389174
3027	597276	388979
3028	597470	388779
3029	597647	388569
3030	597849	388375
3031	598031	388167
3032	598210	387959
3033	598408	387762
3034	598588	387554
3035	598796	387363
3036	598973	387153
3037	599161	386950
3038	599335	386738
3039	599506	386523
3040	599691	386319
3041	599876	386113
3042	600092	385928
3043	600305	385741
3044	600520	385555
3045	600725	385363
3046	600926	385169
3047	601181	385008
3048	601391	384819
3049	601591	384623
3050	601789	384427
3051	601960	384213
3052	602139	384004
3053	602324	383799
3054	602520	383601
3055	602697	383391
3056	602913	383206
3057	603103	383004
3058	603339	382831
3059	603546	382640
3060	603760	382453
3061	603943	382247
3062	604143	382051
3063	604337	381853
3064	604525	381649
3065	604755	381473
3066	604940	381268
3067	605150	381079
3068	605364	380892
3069	605582	380708
3070	605785	380514
3071	605978	380314
3072	606182	380121
3073	606354	379908
3074	606550	379710
3075	606755	379517
3076	606955	379322
3077	607146	379121
3078	607326	378913
3079	607515	378710
3080	607708	378510
3081	607895	378307
3082	608087	378106
3083	608283	377908
3084	608450	377693
3085	608652	377498
3086	608825	377286
3087	609028	377092
3088	609239	376903
3089	609447	376713
3090	609648	376518
3091	609827	376309
3092	610008	376103
3093	610203	375904
3094	610438	375730
3095	610634	375532
3096	610825	375331
3097	611016	375130
3098	611224	374939
3099	611448	374758
3100	611644	374560
3101	611843	374364
3102	612042	374168
3103	612250	373977
3104	612457	373786
3105	612669	373598
3106	612848	373389
3107	613047	373193
3108	613249	372999
3109	613429	372791
3110	613692	372634
3111	613908	372448
3112	614081	372236
3113	614291	372046
3114	614530	371874
3115	614733	371681
3116	614957	371500
3117	615159	371305
3118	615348	371102
3119	615553	370910
3120	615761	370719
3121	615969	370528
3122	616230	370369
3123	616484	370206
3124	616730	370038
3125	616955	369857
3126	617168	369669
3127	617380	369480
3128	617578	369283
3129	617839	369124
3130	618058	368940
3131	618292	368764
3132	618554	368605
3133	618840	368461
3134	619136	368322
3135	619322	368117
3136	619579	367955
3137	619814	367780
3138	620086	367626
3139	620345	367466
3140	620648	367330
3141	620956	367198
3142	621232	367047
3143	621530	366908
3144	621788	366746
3145	622042	366581
3146	622377	366465
3147	622672	366324
3148	622927	366160
3149	623190	366000
3150	623415	365819
3151	623649	365642
3152	623887	365467
3153	624086	365270
3154	624294	365078
3155	624489	364879
3156	624741	364712
3157	624979	364538
3158	625188	364346
3159	625452	364187
3160	625670	364001
3161	625880	363810
3162	626118	363635
3163	626416	363495
3164	626676	363334
3165	626924	363164
3166	627145	362979
3167	627386	362807
3168	627603	362619
3169	627818	362431
3170	628077	362268
3171	628290	362078
3172	628523	361901
3173	628746	361717
3174	628964	361530
3175	629219	361365
3176	629422	361169
3177	629626	360975
3178	629852	360792
3179	630096	360621
3180	630340	360449
3181	630538	360250
3182	630755	360063
3183	630984	359883
3184	631255	359726
3185	631504	359557
3186	631712	359364
3187	631949	359188
3188	632135	358983
3189	632382	358812
3190	632626	358640
3191	632844	358453
3192	633065	358267
3193	633317	358100
3194	633512	357899
3195	633786	357744
3196	634031	357572
3197	634305	357416
3198	634548	357243
3199	634780	357064
3200	634998	356876
3201	635285	356728
3202	635493	356534
3203	635712	356348
3204	635961	356178
3205	636239	356023
3206	636486	355852
3207	636718	355673
3208	636988	355514
3209	637222	355335
3210	637439	355147
3211	637644	354952
3212	637891	354781
3213	638132	354606
3214	638393	354442
3215	638590	354243
3216	638796	354048
3217	639011	353859
3218	639317	353719
3219	639550	353540
3220	639770	353353
3221	640044	353196
3222	640364	353064
3223	640605	352889
3224	640853	352717
3225	641070	352529
3226	641357	352378
3227	641559	352181
3228	641782	351996
3229	641982	351798
3230	642169	351593
3231	642352	351385
3232	642565	351194
3233	642792	351011
3234	642989	350812
3235	643190	350614
3236	643405	350424
3237	643619	350234
3238	643804	350027
3239	644013	349834
3240	644192	349625
3241	644384	349422
3242	644578	349221
3243	644809	349039
3244	644990	348831
3245	645180	348628
3246	645371	348425
3247	645581	348232
3248	645757	348021
3249	645954	347821
3250	646147	347619
3251	646357	347427
3252	646551	347225
3253	646766	347035
3254	646998	346854
3255	647162	346637
3256	647348	346432
3257	647534	346226
3258	647722	346021
3259	647891	345807
3260	648053	345589
3261	648239	345383
3262	648424	345177
3263	648596	344964
3264	648777	344756
3265	648962	344550
3266	649159	344350
3267	649378	344162
3268	649559	343954
3269	649742	343747
3270	649944	343550
3271	650148	343354
3272	650334	343149
3273	650548	342958
3274	650722	342746
3275	650936	342556
3276	651144	342362
3277	651336	342160
3278	651511	341949
3279	651686	341738
3280	651909	341552
3281	652095	341346
3282	652289	341145
3283	652468	340936
3284	652677	340743
3285	652873	340543
3286	653089	340353
3287	653326	340174
3288	653553	339990
3289	653750	339791
3290	653955	339595
3291	654152	339396
3292	654448	339248
3293	654726	339090
3294	654909	338883
3295	655140	338701
3296	655348	338507
3297	655515	338292
3298	655715	338094
3299	655921	337898
3300	656106	337693
3301	656272	337477
3302	656470	337278
3303	656656	337072
3304	656845	336869
3305	657057	336677
3306	657255	336478
3307	657445	336275
3308	657690	336099
3309	657895	335904
3310	658150	335734
3311	658344	335533
3312	658521	335322
3313	658755	335142
3314	658965	334949
3315	659180	334758
3316	659401	334571
3317	659606	334375
3318	659790	334169
3319	659998	333975
3320	660276	333816
3321	660516	333638
3322	660702	333433
3323	660877	333222
3324	661058	333014
3325	661221	332797
3326	661417	332597
3327	661591	332386
3328	661783	332183
3329	661985	331986
3330	662170	331781
3331	662356	331575
3332	662516	331357
3333	662728	331165
3334	662908	330957
3335	663128	330769
3336	663347	330580
3337	663531	330374
3338	663716	330168
3339	663887	329956
3340	664064	329746
3341	664260	329546
3342	664460	329348
3343	664686	329162
3344	664878	328960
3345	665039	328743
3346	665244	328547
3347	665530	328391
3348	665749	328203
3349	665936	327998
3350	666152	327808
3351	666328	327598
3352	666508	327390
3353	666684	327180
3354	666884	326982
3355	667097	326790
3356	667296	326591
3357	667529	326409
3358	667714	326203
3359	667913	326005
3360	668132	325816
3361	668320	325612
3362	668534	325420
3363	668751	325230
3364	669010	325061
3365	669196	324856
3366	669397	324658
3367	669622	324472
3368	669859	324292
3369	670080	324104
3370	670282	323906
3371	670473	323704
3372	670711	323524
3373	670885	323313
3374	671130	323136
3375	671398	322971
3376	671576	322762
3377	671791	322571
3378	671982	322368
3379	672225	322190
3380	672433	321996
3381	672626	321794
3382	672840	321603
3383	673041	321405
3384	673285	321227
3385	673477	321025
3386	673708	320841
3387	673915	320646
3388	674098	320440
3389	674281	320233
3390	674449	320020
3391	674622	319809
3392	674818	319608
3393	674992	319398
3394	675186	319197
3395	675388	318999
3396	675582	318798
3397	675759	318589
3398	675966	318394
3399	676175	318200
3400	676377	318002
3401	676601	317815
3402	676932	317678
3403	677179	317502
3404	677355	317292
3405	677562	317097
3406	677758	316897
3407	677998	316717
3408	678215	316527
3409	678455	316347
3410	678678	316159
3411	678900	315971
3412	679084	315765
3413	679283	315566
3414	679471	315362
3415	679646	315152
3416	679831	314946
3417	680052	314757
3418	680252	314559
3419	680484	314376
3420	680711	314189
3421	680922	313996
3422	681122	313798
3423	681328	313602
3424	681531	313405
3425	681715	313199
3426	681897	312992
3427	682109	312799
3428	682288	312591
3429	682458	312378
3430	682660	312181
3431	682840	311973
3432	683033	311772
3433	683216	311565
3434	683441	311378
3435	683616	311168
3436	683828	310975
3437	684024	310775
3438	684218	310574
3439	684449	310390
3440	684631	310183
3441	684806	309973
3442	685001	309772
3443	685227	309585
3444	685445	309395
3445	685628	309189
3446	685800	308978
3447	686013	308785
3448	686192	308577
3449	686388	308377
3450	686564	308167
3451	686747	307961
3452	686969	307773
3453	687203	307590
3454	687418	307398
3455	687568	307177
3456	687748	306970
3457	687946	306770
3458	688175	306585
3459	688366	306382
3460	688531	306168
3461	688810	306005
3462	689064	305830
3463	689245	305623
3464	689459	305431
3465	689629	305219
3466	689843	305027
3467	690066	304839
3468	690269	304641
3469	690439	304430
3470	690646	304234
3471	690827	304027
3472	691023	303827
3473	691231	303632
3474	691407	303423
3475	691602	303222
3476	691776	303012
3477	692007	302828
3478	692238	302643
3479	692428	302440
3480	692640	302246
3481	692900	302074
3482	693130	301888
3483	693347	301697
3484	693532	301492
3485	693734	301294
3486	693924	301092
3487	694148	300904
3488	694341	300702
3489	694552	300508
3490	694723	300297
3491	694919	300096
3492	695112	299895
3493	695301	299692
3494	695466	299478
3495	695671	299281
3496	695834	299067
3497	696020	298862
3498	696215	298662
3499	696431	298470
3500	696642	298276
3501	696835	298075
3502	697055	297885
3503	697276	297695
3504	697495	297505
3505	697718	297316
3506	697953	297132
3507	698173	296942
3508	698354	296735
3509	698541	296531
3510	698740	296332
3511	698899	296116
3512	699103	295919
3513	699284	295713
3514	699479	295512
3515	699678	295313
3516	699846	295101
3517	700067	294911
3518	700274	294716
3519	700444	294505
3520	700635	294302
3521	700820	294097
3522	700993	293887
3523	701171	293680
3524	701369	293480
3525	701568	293281
3526	701730	293067
3527	701902	292857
3528	702101	292658
3529	702299	292458
3530	702476	292250
3531	702655	292043
3532	702880	291855
3533	703068	291652
3534	703275	291456
3535	703445	291245
3536	703638	291044
3537	703823	290839
3538	704007	290634
3539	704197	290431
3540	704378	290225
3541	704561	290019
3542	704749	289816
3543	704946	289616
3544	705143	289417
3545	705331	289213
3546	705562	289027
3547	705754	288826
3548	705947	288624
3549	706132	288420
3550	706332	288221
3551	706500	288010
3552	706667	287798
3553	706854	287594
3554	707080	287406
3555	707285	287210
3556	707504	287019
3557	707677	286810
3558	707876	286611
3559	708061	286406
3560	708224	286193
3561	708397	285984
3562	708594	285784
3563	708768	285575
3564	708944	285367
3565	709183	285184
3566	709366	284979
3567	709539	284770
3568	709738	284571
3569	709935	284371
3570	710119	284167
3571	710347	283980
3572	710520	283770
3573	710722	283573
3574	710913	283371
3575	711098	283166
3576	711320	282977
3577	711551	282791
3578	711718	282579
3579	711914	282379
3580	712115	282181
3581	712311	281981
3582	712520	281786
3583	712698	281579
3584	712901	281382
3585	713093	281180
3586	713257	280968
3587	713457	280769
3588	713656	280570
3589	713851	280370
3590	714023	280161
3591	714196	279952
3592	714381	279748
3593	714554	279538
3594	714738	279334
3595	714899	279120
3596	715133	278936
3597	715317	278731
3598	715502	278527
3599	715672	278317
3600	715866	278116
3601	716084	277925
3602	716298	277732
3603	716512	277539
3604	716729	277347
3605	716925	277147
3606	717144	276956
3607	717324	276750
3608	717515	276548
3609	717700	276344
3610	717888	276141
3611	718110	275951
3612	718316	275755
3613	718516	275557
3614	718694	275350
3615	718895	275152
3616	719096	274954
3617	719266	274744
3618	719463	274545
3619	719642	274338
3620	719829	274135
3621	720058	273948
3622	720238	273742
3623	720424	273538
3624	720622	273339
3625	720799	273132
3626	720991	272931
3627	721189	272732
3628	721368	272525
3629	721576	272330
3630	721820	272148
3631	722029	271953
3632	722222	271753
3633	722398	271545
3634	722565	271334
3635	722747	271129
3636	722967	270938
3637	723128	270725
3638	723313	270521
3639	723499	270318
3640	723705	270122
3641	723920	269929
3642	724106	269726
3643	724283	269519
3644	724490	269323
3645	724702	269129
3646	724911	268934
3647	725088	268727
3648	725287	268529
3649	725460	268320
3650	725662	268123
3651	725878	267931
3652	726067	267728
3653	726273	267532
3654	726483	267338
3655	726668	267134
3656	726859	266932
3657	727059	266734
3658	727242	266529
3659	727413	266320
3660	727617	266123
3661	727835	265932
3662	728057	265742
3663	728253	265542
3664	728436	265337
3665	728619	265133
3666	728822	264936
3667	729018	264736
3668	729208	264534
3669	729395	264331
3670	729593	264132
3671	729816	263942
3672	730019	263745
3673	730213	263544
3674	730438	263355
3675	730599	263143
3676	730796	262943
3677	730972	262736
3678	731183	262542
3679	731374	262340
3680	731574	262142
3681	731755	261937
3682	731935	261731
3683	732121	261528
3684	732308	261325
3685	732492	261121
3686	732684	260920
3687	732889	260724
3688	733091	260526
3689	733301	260331
3690	733501	260133
3691	733707	259937
3692	733903	259737
3693	734085	259533
3694	734263	259327
3695	734464	259129
3696	734642	258923
3697	734837	258723
3698	735020	258518
3699	735211	258317
3700	735394	258113
3701	735583	257911
3702	735779	257711
3703	735992	257517
3704	736184	257316
3705	736374	257115
3706	736542	256905
3707	736746	256708
3708	736954	256513
3709	737125	256305
3710	737283	256092
3711	737476	255891
3712	737673	255692
3713	737880	255496
3714	738087	255300
3715	738286	255102
3716	738489	254905
3717	738663	254697
3718	738869	254501
3719	739036	254292
3720	739249	254098
3721	739463	253905
3722	739633	253696
3723	739826	253495
3724	740017	253294
3725	740192	253087
3726	740392	252889
3727	740572	252684
3728	740780	252489
3729	740967	252286
3730	741148	252081
3731	741367	251890
3732	741558	251688
3733	741739	251484
3734	741937	251285
3735	742128	251084
3736	742339	250889
3737	742494	250676
3738	742672	250470
3739	742858	250267
3740	743025	250058
3741	743209	249854
3742	743367	249642
3743	743572	249446
3744	743753	249241
3745	743932	249036
3746	744127	248836
3747	744333	248640
3748	744520	248438
3749	744718	248239
3750	744919	248041
3751	745113	247841
3752	745317	247644
3753	745513	247445
3754	745707	247245
3755	745911	247048
3756	746109	246849
3757	746313	246652
3758	746499	246449
3759	746670	246242
3760	746869	246044
3761	747074	245847
3762	747253	245642
3763	747460	245446
3764	747651	245245
3765	747852	245047
3766	748057	244851
3767	748241	244647
3768	748427	244445
3769	748639	244251
3770	748821	244047
3771	749026	243850
3772	749208	243646
3773	749389	243442
3774	749592	243245
3775	749804	243051
3776	750020	242858
3777	750235	242664
3778	750462	242475
3779	750654	242274
3780	750870	242081
3781	751085	241888
3782	751278	241688
3783	751486	241492
3784	751699	241298
3785	751930	241110
3786	752118	240908
3787	752435	240747
3788	752692	240567
3789	752906	240373
3790	753120	240180
3791	753346	239990
3792	753592	239806
3793	753782	239605
3794	753973	239403
3795	754153	239199
3796	754339	238996
3797	754583	238812
3798	754741	238600
3799	754914	238394
3800	755080	238185
3801	755248	237976
3802	755422	237770
3803	755770	237618
3804	755978	237422
3805	756278	237256
3806	756515	237069
3807	756798	236897
3808	756994	236697
3809	757219	236506
3810	757412	236306
3811	757608	236106
3812	757802	235906
3813	758029	235716
3814	758201	235509
3815	758397	235310
3816	758570	235103
3817	758764	234902
3818	758959	234702
3819	759131	234496
3820	759308	234290
3821	759525	234097
3822	759709	233894
3823	759965	233713
3824	760239	233537
3825	760446	233341
3826	760637	233140
3827	760840	232942
3828	761044	232745
3829	761236	232544
3830	761425	232343
3831	761604	232138
3832	761818	231944
3833	761999	231740
3834	762198	231541
3835	762406	231345
3836	762600	231145
3837	762779	230940
3838	762968	230738
3839	763167	230540
3840	763355	230338
3841	763545	230136
3842	763805	229956
3843	764012	229760
3844	764195	229556
3845	764377	229352
3846	764546	229145
3847	764744	228946
3848	764911	228738
3849	765105	228538
3850	765326	228345
3851	765513	228143
3852	765689	227938
3853	765873	227735
3854	766043	227527
3855	766227	227324
3856	766446	227132
3857	766625	226927
3858	766788	226718
3859	766978	226516
3860	767233	226334
3861	767450	226141
3862	767646	225941
3863	767858	225747
3864	768044	225544
3865	768268	225353
3866	768476	225157
3867	768684	224961
3868	768876	224760
3869	769079	224563
3870	769312	224374
3871	769531	224181
3872	769711	223977
3873	769914	223779
3874	770088	223574
3875	770261	223367
3876	770459	223168
3877	770652	222968
3878	770850	222769
3879	771038	222567
3880	771214	222362
3881	771399	222159
3882	771554	221948
3883	771734	221744
3884	771918	221541
3885	772108	221340
3886	772293	221137
3887	772474	220934
3888	772670	220734
3889	772891	220542
3890	773174	220367
3891	773377	220170
3892	773571	219970
3893	773756	219767
3894	773977	219575
3895	774177	219376
3896	774352	219171
3897	774536	218968
3898	774741	218771
3899	774954	218576
3900	775145	218376
3901	775360	218181
3902	775547	217979
3903	775752	217783
3904	775964	217587
3905	776171	217391
3906	776348	217186
3907	776543	216987
3908	776730	216785
3909	776917	216583
3910	777086	216376
3911	777323	216188
3912	777518	215988
3913	777706	215786
3914	777923	215593
3915	778126	215395
3916	778341	215201
3917	778505	214993
3918	778683	214788
3919	778890	214592
3920	779100	214396
3921	779295	214197
3922	779487	213996
3923	779666	213792
3924	779878	213597
3925	780056	213392
3926	780247	213192
3927	780474	213001
3928	780668	212801
3929	780864	212601
3930	781068	212404
3931	781298	212214
3932	781523	212022
3933	781728	211825
3934	781954	211634
3935	782162	211438
3936	782352	211237
3937	782536	211034
3938	782710	210829
3939	782877	210621
3940	783067	210420
3941	783246	210216
3942	783453	210020
3943	783667	209825
3944	783866	209627
3945	784056	209426
3946	784242	209224
3947	784437	209024
3948	784631	208824
3949	784857	208633
3950	785062	208435
3951	785249	208234
3952	785449	208035
3953	785638	207834
3954	785815	207630
3955	785991	207425
3956	786177	207223
3957	786395	207029
3958	786580	206827
3959	786770	206626
3960	786935	206419
3961	787138	206221
3962	787348	206025
3963	787534	205823
3964	787715	205620
3965	787917	205422
3966	788083	205215
3967	788256	205010
3968	788457	204812
3969	788686	204621
3970	788873	204419
3971	789054	204216
3972	789243	204015
3973	789466	203823
3974	789676	203627
3975	789871	203427
3976	790068	203228
3977	790259	203028
3978	790455	202828
3979	790655	202630
3980	790866	202434
3981	791059	202234
3982	791319	202051
3983	791512	201851
3984	791742	201660
3985	791924	201458
3986	792104	201254
3987	792310	201057
3988	792491	200854
3989	792686	200655
3990	792854	200448
3991	793050	200249
3992	793234	200046
3993	793454	199853
3994	793800	199691
3995	794040	199503
3996	794242	199305
3997	794426	199103
3998	794606	198899
3999	794833	198708
4000	795017	198505
4001	795203	198304
4002	795413	198108
4003	795675	197925
4004	795912	197735
4005	796118	197539
4006	796299	197336
4007	796488	197134
4008	796692	196937
4009	796923	196746
4010	797123	196548
4011	797363	196359
4012	797561	196160
4013	797785	195968
4014	797956	195762
4015	798169	195567
4016	798361	195367
4017	798583	195173
4018	798802	194980
4019	799023	194786
4020	799258	194596
4021	799496	194407
4022	799720	194214
4023	799932	194019
4024	800175	193831
4025	800429	193645
4026	800630	193447
4027	800889	193263
4028	801117	193071
4029	801367	192884
4030	801556	192683
4031	801789	192493
4032	802000	192297
4033	802257	192112
4034	802483	191919
4035	802696	191724
4036	802921	191531
4037	803177	191346
4038	803407	191154
4039	803626	190960
4040	803895	190778
4041	804145	190591
4042	804371	190398
4043	804590	190204
4044	804805	190009
4045	805013	189812
4046	805241	189620
4047	805494	189434
4048	805735	189245
4049	805965	189053
4050	806198	188862
4051	806469	188680
4052	806752	188501
4053	807017	188317
4054	807319	188142
4055	807588	187959
4056	807820	187767
4057	808056	187577
4058	808310	187391
4059	808521	187194
4060	808756	187003
4061	808976	186809
4062	809194	186614
4063	809410	186419
4064	809649	186229
4065	809884	186038
4066	810177	185860
4067	810440	185676
4068	810643	185477
4069	810907	185293
4070	811122	185097
4071	811373	184910
4072	811587	184714
4073	811863	184532
4074	812121	184346
4075	812345	184153
4076	812616	183969
4077	812872	183783
4078	813083	183586
4079	813310	183393
4080	813513	183194
4081	813734	183000
4082	813908	182795
4083	814090	182592
4084	814289	182392
4085	814505	182197
4086	814686	181993
4087	814897	181797
4088	815100	181598
4089	815291	181397
4090	815447	181188
4091	815659	180991
4092	815841	180788
4093	816042	180589
4094	816226	180387
4095	816402	180182
4096	816597	179982
4097	816763	179775
4098	816941	179571
4099	817113	179366
4100	817300	179164
4101	817481	178961
4102	817662	178757
4103	817873	178561
4104	818072	178361
4105	818242	178155
4106	818450	177958
4107	818632	177755
4108	818874	177565
4109	819052	177361
4110	819226	177157
4111	819407	176953
4112	819610	176755
4113	819778	176549
4114	819984	176351
4115	820198	176155
4116	820401	175956
4117	820578	175752
4118	820792	175556
4119	821002	175359
4120	821165	175152
4121	821374	174955
4122	821597	174761
4123	821781	174558
4124	821960	174355
4125	822144	174152
4126	822331	173950
4127	822520	173749
4128	822736	173553
4129	822907	173348
4130	823113	173150
4131	823333	172955
4132	823504	172750
4133	823696	172549
4134	823885	172348
4135	824068	172145
4136	824236	171940
4137	824404	171734
4138	824578	171529
4139	824792	171333
4140	824983	171132
4141	825173	170931
4142	825363	170730
4143	825550	170528
4144	825737	170326
4145	825900	170120
4146	826139	169929
4147	826325	169727
4148	826507	169524
4149	826686	169321
4150	826872	169119
4151	827074	168920
4152	827235	168713
4153	827390	168505
4154	827579	168304
4155	827810	168111
4156	828023	167915
4157	828217	167715
4158	828398	167512
4159	828599	167313
4160	828787	167111
4161	828962	166907
4162	829124	166701
4163	829358	166509
4164	829543	166307
4165	829716	166102
4166	829884	165897
4167	830059	165693
4168	830241	165490
4169	830420	165287
4170	830628	165090
4171	830845	164894
4172	831017	164690
4173	831278	164503
4174	831495	164307
4175	831670	164103
4176	831882	163906
4177	832070	163705
4178	832252	163503
4179	832427	163299
4180	832624	163099
4181	832828	162901
4182	833018	162700
4183	833224	162502
4184	833409	162300
4185	833627	162105
4186	833833	161907
4187	834107	161722
4188	834346	161531
4189	834503	161323
4190	834670	161118
4191	834849	160915
4192	835057	160718
4193	835254	160518
4194	835441	160317
4195	835618	160113
4196	835788	159909
4197	835972	159706
4198	836169	159507
4199	836382	159310
4200	836591	159113
4201	836769	158910
4202	836945	158707
4203	837136	158506
4204	837309	158302
4205	837491	158099
4206	837670	157896
4207	837846	157693
4208	838041	157493
4209	838216	157289
4210	838474	157101
4211	838666	156901
4212	838874	156704
4213	839080	156506
4214	839276	156306
4215	839458	156104
4216	839628	155899
4217	839827	155700
4218	840006	155497
4219	840191	155296
4220	840376	155094
4221	840603	154900
4222	840799	154700
4223	841045	154510
4224	841221	154306
4225	841413	154106
4226	841600	153905
4227	841785	153703
4228	841974	153502
4229	842173	153303
4230	842388	153107
4231	842603	152911
4232	842784	152708
4233	843007	152513
4234	843185	152311
4235	843390	152112
4236	843592	151914
4237	843774	151712
4238	843968	151512
4239	844142	151308
4240	844328	151107
4241	844500	150903
4242	844677	150700
4243	844844	150495
4244	845063	150299
4245	845228	150094
4246	845411	149892
4247	845634	149697
4248	845804	149493
4249	846020	149297
4250	846228	149100
4251	846426	148901
4252	846639	148704
4253	846820	148502
4254	847014	148302
4255	847223	148104
4256	847395	147901
4257	847581	147699
4258	847797	147503
4259	847959	147298
4260	848160	147099
4261	848391	146905
4262	848568	146703
4263	848818	146512
4264	849032	146316
4265	849254	146121
4266	849462	145923
4267	849640	145720
4268	849806	145516
4269	849968	145310
4270	850177	145113
4271	850395	144917
4272	850608	144720
4273	850811	144522
4274	851009	144323
4275	851185	144120
4276	851358	143916
4277	851534	143713
4278	851739	143515
4279	851918	143313
4280	852133	143117
4281	852369	142924
4282	852547	142721
4283	852746	142522
4284	852933	142321
4285	853138	142123
4286	853324	141922
4287	853524	141723
4288	853723	141524
4289	853998	141337
4290	854237	141145
4291	854478	140953
4292	854727	140762
4293	854970	140570
4294	855161	140369
4295	855421	140180
4296	855631	139983
4297	855825	139783
4298	856052	139588
4299	856266	139392
4300	856501	139198
4301	856731	139004
4302	856985	138814
4303	857230	138622
4304	857460	138428
4305	857739	138242
4306	858008	138054
4307	858258	137863
4308	858470	137666
4309	858724	137475
4310	858903	137273
4311	859108	137074
4312	859281	136871
4313	859537	136681
4314	859808	136493
4315	860027	136297
4316	860217	136096
4317	860393	135893
4318	860601	135695
4319	860797	135495
4320	860976	135293
4321	861167	135092
4322	861384	134896
4323	861627	134704
4324	861821	134503
4325	862016	134304
4326	862196	134101
4327	862404	133903
4328	862634	133709
4329	862815	133507
4330	863042	133312
4331	863252	133114
4332	863438	132913
4333	863650	132716
4334	863838	132515
4335	864029	132314
4336	864236	132116
4337	864450	131919
4338	864640	131718
4339	864852	131521
4340	865039	131320
4341	865232	131119
4342	865419	130918
4343	865625	130720
4344	865820	130520
4345	866017	130321
4346	866203	130119
4347	866401	129920
4348	866577	129717
4349	866768	129517
4350	866939	129313
4351	867122	129111
4352	867298	128909
4353	867490	128709
4354	867696	128510
4355	867909	128313
4356	868106	128113
4357	868285	127911
4358	868454	127708
4359	868645	127507
4360	868868	127311
4361	869096	127116
4362	869319	126921
4363	869535	126724
4364	869743	126526
4365	869926	126324
4366	870144	126128
4367	870318	125925
4368	870497	125723
4369	870709	125525
4370	870904	125325
4371	871073	125122
4372	871264	124921
4373	871424	124716
4374	871628	124518
4375	871828	124319
4376	871994	124115
4377	872161	123911
4378	872354	123711
4379	872574	123515
4380	872747	123312
4381	872978	123117
4382	873201	122921
4383	873398	122721
4384	873572	122519
4385	873756	122317
4386	873974	122121
4387	874174	121922
4388	874343	121718
4389	874509	121515
4390	874692	121313
4391	874864	121110
4392	875104	120916
4393	875279	120714
4394	875454	120511
4395	875651	120312
4396	875864	120115
4397	876081	119918
4398	876254	119715
4399	876438	119514
4400	876615	119312
4401	876787	119109
4402	876999	118911
4403	877167	118708
4404	877340	118505
4405	877535	118306
4406	877703	118102
4407	877885	117901
4408	878074	117700
4409	878247	117497
4410	878425	117296
4411	878631	117097
4412	878829	116898
4413	879040	116700
4414	879226	116499
4415	879413	116299
4416	879601	116098
4417	879791	115898
4418	879961	115695
4419	880128	115491
4420	880298	115289
4421	880484	115088
4422	880669	114887
4423	880857	114686
4424	881086	114491
4425	881289	114292
4426	881463	114090
4427	881655	113890
4428	881846	113690
4429	882042	113490
4430	882223	113289
4431	882421	113090
4432	882600	112888
4433	882772	112685
4434	882947	112483
4435	883117	112280
4436	883292	112078
4437	883471	111877
4438	883663	111677
4439	883871	111479
4440	884062	111279
4441	884242	111077
4442	884439	110878
4443	884626	110677
4444	884803	110476
4445	885005	110277
4446	885188	110076
4447	885389	109877
4448	885595	109679
4449	885773	109477
4450	885968	109278
4451	886177	109080
4452	886397	108883
4453	886623	108687
4454	886856	108493
4455	887057	108294
4456	887277	108097
4457	887491	107900
4458	887734	107706
4459	887961	107511
4460	888161	107312
4461	888383	107115
4462	888615	106920
4463	888825	106722
4464	889028	106524
4465	889228	106325
4466	889445	106128
4467	889708	105936
4468	889987	105746
4469	890278	105558
4470	890507	105363
4471	890745	105168
4472	890953	104970
4473	891196	104776
4474	891426	104580
4475	891631	104382
4476	891859	104186
4477	892084	103990
4478	892280	103790
4479	892493	103593
4480	892705	103395
4481	892963	103202
4482	893214	103009
4483	893450	102814
4484	893745	102626
4485	893963	102429
4486	894155	102229
4487	894393	102034
4488	894607	101836
4489	894823	101639
4490	895086	101447
4491	895297	101249
4492	895483	101048
4493	895699	100850
4494	895896	100651
4495	896064	100448
4496	896235	100246
4497	896418	100044
4498	896630	99847
4499	896812	99645
4500	896989	99444
4501	897163	99242
4502	897331	99039
4503	897491	98835
4504	897703	98637
4505	897887	98436
4506	898063	98234
4507	898260	98035
4508	898429	97832
4509	898613	97632
4510	898803	97431
4511	898986	97230
4512	899167	97029
4513	899373	96831
4514	899574	96632
4515	899737	96428
4516	899909	96226
4517	900090	96025
4518	900309	95828
4519	900484	95626
4520	900672	95426
4521	900887	95228
4522	901071	95027
4523	901239	94825
4524	901412	94623
4525	901591	94422
4526	901796	94223
4527	901991	94023
4528	902225	93828
4529	902418	93628
4530	902646	93432
4531	902815	93229
4532	903036	93032
4533	903254	92835
4534	903456	92636
4535	903654	92437
4536	903901	92242
4537	904187	92052
4538	904405	91855
4539	904612	91656
4540	904828	91459
4541	905005	91257
4542	905209	91058
4543	905433	90862
4544	905646	90664
4545	905835	90463
4546	906024	90263
4547	906249	90067
4548	906461	89869
4549	906683	89671
4550	906901	89474
4551	907096	89274
4552	907279	89073
4553	907489	88875
4554	907678	88675
4555	907855	88474
4556	908024	88271
4557	908203	88070
4558	908381	87869
4559	908550	87667
4560	908721	87465
4561	908904	87264
4562	909079	87062
4563	909265	86862
4564	909460	86662
4565	909641	86461
4566	909836	86262
4567	910024	86061
4568	910233	85863
4569	910426	85663
4570	910599	85462
4571	910771	85260
4572	910918	85056
4573	911084	84854
4574	911289	84655
4575	911459	84453
4576	911652	84253
4577	911861	84055
4578	912051	83855
4579	912227	83654
4580	912396	83452
4581	912591	83252
4582	912756	83050
4583	912952	82850
4584	913230	82658
4585	913440	82460
4586	913713	82268
4587	913904	82068
4588	914122	81870
4589	914310	81670
4590	914496	81470
4591	914666	81268
4592	914856	81068
4593	915030	80866
4594	915241	80668
4595	915427	80468
4596	915601	80267
4597	915807	80068
4598	915953	79864
4599	916161	79666
4600	916358	79466
4601	916536	79265
4602	916776	79070
4603	916978	78871
4604	917190	78673
4605	917366	78472
4606	917567	78273
4607	917780	78075
4608	917990	77876
4609	918180	77676
4610	918412	77480
4611	918597	77280
4612	918794	77080
4613	919114	76891
4614	919387	76698
4615	919616	76501
4616	919832	76304
4617	920006	76102
4618	920185	75901
4619	920358	75700
4620	920525	75498
4621	920683	75296
4622	920867	75095
4623	921040	74894
4624	921248	74695
4625	921432	74495
4626	921618	74295
4627	921803	74094
4628	921989	73894
4629	922160	73693
4630	922339	73492
4631	922543	73293
4632	922736	73093
4633	922918	72893
4634	923131	72695
4635	923321	72495
4636	923514	72295
4637	923688	72094
4638	923877	71894
4639	924058	71694
4640	924241	71493
4641	924444	71294
4642	924649	71096
4643	924803	70893
4644	925000	70694
4645	925172	70493
4646	925371	70294
4647	925577	70095
4648	925757	69894
4649	925926	69693
4650	926124	69494
4651	926297	69293
4652	926488	69093
4653	926665	68892
4654	926844	68692
4655	927015	68490
4656	927220	68292
4657	927391	68091
4658	927583	67891
4659	927786	67692
4660	927979	67493
4661	928161	67292
4662	928352	67093
4663	928523	66891
4664	928695	66690
4665	928857	66489
4666	929049	66289
4667	929257	66091
4668	929430	65890
4669	929610	65689
4670	929809	65490
4671	929985	65290
4672	930164	65089
4673	930348	64889
4674	930525	64688
4675	930711	64488
4676	930905	64289
4677	931115	64091
4678	931317	63892
4679	931491	63691
4680	931687	63492
4681	931875	63292
4682	932068	63093
4683	932244	62892
4684	932429	62692
4685	932597	62491
4686	932775	62291
4687	932947	62090
4688	933147	61891
4689	933342	61692
4690	933516	61491
4691	933702	61291
4692	933877	61091
4693	934058	60890
4694	934257	60691
4695	934457	60492
4696	934653	60293
4697	934882	60096
4698	935051	59895
4699	935225	59695
4700	935434	59496
4701	935614	59296
4702	935838	59099
4703	936059	58901
4704	936238	58701
4705	936410	58500
4706	936578	58299
4707	936784	58101
4708	936974	57901
4709	937171	57702
4710	937369	57503
4711	937558	57304
4712	937729	57103
4713	937941	56905
4714	938124	56705
4715	938342	56507
4716	938525	56307
4717	938700	56107
4718	938869	55906
4719	939087	55708
4720	939282	55509
4721	939488	55310
4722	939719	55113
4723	939946	54916
4724	940129	54716
4725	940338	54518
4726	940535	54319
4727	940708	54118
4728	940892	53918
4729	941098	53720
4730	941319	53522
4731	941517	53323
4732	941684	53122
4733	941865	52922
4734	942063	52723
4735	942284	52526
4736	942492	52327
4737	942697	52128
4738	942886	51929
4739	943078	51730
4740	943261	51530
4741	943442	51330
4742	943648	51131
4743	943848	50932
4744	944049	50733
4745	944234	50534
4746	944469	50337
4747	944668	50138
4748	944845	49938
4749	945034	49738
4750	945219	49538
4751	945424	49340
4752	945597	49140
4753	945780	48940
4754	945937	48739
4755	946128	48539
4756	946325	48340
4757	946492	48140
4758	946674	47940
4759	946883	47742
4760	947046	47541
4761	947253	47342
4762	947441	47143
4763	947639	46944
4764	947855	46746
4765	948055	46547
4766	948281	46349
4767	948465	46150
4768	948647	45950
4769	948860	45752
4770	949060	45553
4771	949252	45354
4772	949456	45155
4773	949627	44955
4774	949854	44757
4775	950050	44558
4776	950251	44359
4777	950456	44161
4778	950647	43961
4779	950836	43762
4780	951025	43562
4781	951206	43363
4782	951412	43164
4783	951656	42967
4784	951867	42769
4785	952093	42571
4786	952284	42372
4787	952504	42174
4788	952711	41975
4789	952969	41779
4790	953247	41583
4791	953491	41386
4792	953695	41188
4793	953885	40988
4794	954065	40789
4795	954233	40588
4796	954484	40391
4797	954721	40194
4798	954947	39996
4799	955119	39796
4800	955306	39597
4801	955485	39397
4802	955672	39197
4803	955904	39000
4804	956103	38801
4805	956298	38602
4806	956511	38403
4807	956687	38203
4808	956889	38004
4809	957091	37806
4810	957276	37606
4811	957452	37406
4812	957645	37207
4813	957842	37008
4814	958038	36809
4815	958210	36609
4816	958402	36410
4817	958581	36210
4818	958757	36010
4819	958923	35810
4820	959081	35609
4821	959277	35410
4822	959460	35211
4823	959680	35013
4824	959855	34813
4825	960039	34613
4826	960227	34414
4827	960416	34215
4828	960581	34015
4829	960765	33815
4830	960944	33616
4831	961118	33416
4832	961297	33216
4833	961490	33017
4834	961668	32818
4835	961844	32618
4836	962062	32420
4837	962262	32221
4838	962435	32021
4839	962605	31821
4840	962807	31622
4841	962984	31423
4842	963219	31225
4843	963385	31025
4844	963574	30826
4845	963803	30628
4846	964004	30429
4847	964184	30230
4848	964383	30031
4849	964590	29832
4850	964766	29633
4851	964952	29433
4852	965137	29234
4853	965330	29035
4854	965553	28837
4855	965755	28638
4856	965948	28439
4857	966146	28240
4858	966338	28041
4859	966532	27842
4860	966742	27643
4861	966897	27443
4862	967084	27244
4863	967259	27045
4864	967440	26845
4865	967604	26645
4866	967798	26446
4867	967985	26247
4868	968168	26048
4869	968353	25849
4870	968550	25650
4871	968776	25452
4872	968972	25253
4873	969165	25054
4874	969353	24855
4875	969506	24655
4876	969699	24456
4877	969882	24257
4878	970083	24058
4879	970291	23859
4880	970489	23660
4881	970674	23461
4882	970873	23262
4883	971067	23063
4884	971242	22864
4885	971431	22665
4886	971599	22465
4887	971817	22267
4888	972028	22068
4889	972232	21870
4890	972457	21672
4891	972668	21473
4892	972865	21274
4893	973081	21076
4894	973267	20877
4895	973476	20678
4896	973662	20479
4897	973855	20280
4898	974045	20081
4899	974224	19882
4900	974407	19682
4901	974574	19483
4902	974764	19284
4903	974924	19084
4904	975089	18885
4905	975254	18686
4906	975423	18486
4907	975636	18288
4908	975836	18089
4909	976054	17891
4910	976232	17691
4911	976471	17493
4912	976700	17295
4913	976950	17097
4914	977124	16898
4915	977352	16700
4916	977518	16500
4917	977692	16301
4918	977881	16102
4919	978062	15903
4920	978259	15704
4921	978446	15505
4922	978637	15306
4923	978814	15107
4924	979016	14908
4925	979196	14709
4926	979405	14511
4927	979613	14312
4928	979790	14113
4929	979971	13914
4930	980218	13716
4931	980395	13517
4932	980596	13318
4933	980757	13119
4934	980931	12920
4935	981105	12720
4936	981292	12522
4937	981473	12323
4938	981663	12124
4939	981848	11925
4940	982052	11726
4941	982247	11527
4942	982466	11329
4943	982662	11130
4944	982878	10931
4945	983088	10733
4946	983294	10534
4947	983491	10335
4948	983682	10136
4949	983876	9938
4950	984049	9739
4951	984242	9540
4952	984438	9341
4953	984644	9142
4954	984848	8944
4955	985013	8745
4956	985204	8546
4957	985419	8347
4958	985616	8148
4959	985780	7949
4960	985971	7751
4961	986170	7552
4962	986357	7353
4963	986541	7154
4964	986747	6955
4965	986930	6757
4966	987099	6558
4967	987277	6359
4968	987445	6160
4969	987612	5961
4970	987821	5762
4971	988022	5564
4972	988212	5365
4973	988419	5166
4974	988585	4967
4975	988785	4769
4976	988968	4570
4977	989173	4371
4978	989358	4172
4979	989554	3974
4980	989734	3775
4981	989905	3576
4982	990102	3377
4983	990296	3179
4984	990510	2980
4985	990782	2781
4986	990969	2583
4987	991153	2384
4988	991354	2185
4989	991541	1987
4990	991725	1788
4991	991920	1589
4992	992094	1390
4993	992280	1192
4994	992452	993
4995	992630	794
4996	992799	596
4997	992999	397
4998	993199	198
4999	993397	0
